half,symbol,totalrevenue,costofrevenue,grossprofit,operatingexpenses,researchdevelopment,sellinggeneralandadministrative,totaloperatingexpenses,operatingincomeorloss,totalotherincomeexpensesnet,earningsbeforeinterestandtaxes,interestexpense,incomebeforetax,netincomefromcontinuingops,cashandcashequivalents,shortterminvestments,netreceivables,inventory,othercurrentassets,totalcurrentassets,longterminvestments,propertyplantandequipment,goodwill,intangibleassets,accumulatedamortization,otherassets,totalassets,accountspayable,shortcurrentlongtermdebt,totalcurrentliabilities,longtermdebt,deferredlongtermliabilitycharges,totalliabilities,commonstock,retainedearnings,totalstockholderequity,nettangibleassets,depreciation,changesinaccountsreceivables,changesinliabilities,changesininventories,changesinotheroperatingactivitie,totalcashflowfromoperatingactivi,capitalexpenditures,investments,othercashflowsfrominvestingactiv,totalcashflowsfrominvestingactiv,dividendspaid,salepurchaseofstock,netborrowings,totalcashflowsfromfinancingactiv,effectofexchangeratechanges,changeincashandcashequivalents,name,isin,treat,cnt,avg,shares,trades,turnover,n_sym,bookvalue,log_at,totalrevenue2at_0,costofrevenue2at_1,grossprofit2at_2,operatingexpenses2at_3,researchdevelopment2at_4,sellinggeneralandadm2at_5,totaloperatingexpens2at_6,operatingincomeorlos2at_7,operatingincomeorlos2at_8,totalotherincomeexpe2at_9,earningsbeforeintere2at_10,interestexpense2at_11,incomebeforetax2at_12,netincomefromcontinu2at_13,cashandcashequivalen2at_15,shortterminvestments2at_16,netreceivables2at_17,inventory2at_18,othercurrentassets2at_19,totalcurrentassets2at_20,longterminvestments2at_21,propertyplantandequi2at_22,goodwill2at_23,intangibleassets2at_24,accumulatedamortizat2at_25,otherassets2at_26,totalassets2at_27,accountspayable2at_28,shortcurrentlongterm2at_29,totalcurrentliabilit2at_30,longtermdebt2at_31,deferredlongtermliab2at_32,totalliabilities2at_33,commonstock2at_34,retainedearnings2at_35,totalstockholderequi2at_36,nettangibleassets2at_37,depreciation2at_39,changesinaccountsrec2at_40,changesinliabilities2at_41,changesininventories2at_42,changesinotheroperat2at_43,totalcashflowfromope2at_44,capitalexpenditures2at_45,investments2at_46,othercashflowsfromin2at_47,totalcashflowsfromin2at_48,dividendspaid2at_49,salepurchaseofstock2at_50,netborrowings2at_51,totalcashflowsfromfi2at_52,effectofexchangerate2at_53,changeincashandcashe2at_54
1,ABI,11711000,4482000,7229000,7526000,0,0,7526000,4185000,0,4185000,-1035000,0,3353000,9839000,0,4471000,2950000,691000,18690000,380000,0,0,0,0,0,141666000,9834000,49126000,25627000,41142000,0,86358000,19343000,31004000,0,0,0,0,0,0,0,0,0,0,0,0,0,0,0,0,0,0,AB INBEV,BE0003793107,0,130,73.029999,1351547.3,9284.3799,98465728,ABI,141666000,18.768982,.08266627,.031637795,.051028475,.053124957,0,0,.053124957,.029541316,.029541316,0,.029541316,-.0073059169,0,.023668347,.069452092,0,.031560149,.020823628,.0048776702,.13193004,.0026823655,0,0,0,0,0,1,.069416799,.34677339,.18089733,.2904155,0,.60958874,.13653946,.21885279,0,0,0,0,0,0,0,0,0,0,0,0,0,0,0,0,0,0
2,ABI,12201000,4867000,7334000,8384000,0,0,8384000,3817000,0,3817000,-745000,0,3211000,8495000,0,6856000,3593000,114000,19408000,320000,0,0,0,0,0,149895000,10272000,55511000,26120000,47083000,0,92645000,19356000,32199000,0,0,0,0,0,0,0,0,0,0,0,0,0,0,0,0,0,0,AB INBEV,BE0003793107,0,126,77.099998,1489702,10592.72,114594000,ABI,149895008,18.825445,.081396975,.032469396,.048927583,.055932485,0,0,.055932485,.025464492,.025464492,0,.025464492,-.0049701459,0,.021421662,.056673005,0,.045738682,.023970112,.00076053239,.12947731,.0021348277,0,0,0,0,0,1,.068527967,.37033257,.17425531,.31410655,0,.61806595,.12913039,.21481037,0,0,0,0,0,0,0,0,0,0,0,0,0,0,0,0,0,0
2,ABLX,11000,12000,-1000,15000,0,0,15000,-4000,0,-4000,-1000,0,-4000,12000,182000,3000,0,1000,197000,0,0,0,0,0,0,212000,9000,1000,171000,0,0,171000,236000,-201000,0,0,0,0,0,0,0,0,0,0,0,0,0,0,0,0,0,0,ABLYNX,BE0003877942,1,125,8.7200003,172886.56,552.44,1501266.5,ABLX,212000,12.264341,.051886793,.056603774,-.0047169812,.070754714,0,0,.070754714,-.018867925,-.018867925,0,-.018867925,-.0047169812,0,-.018867925,.056603774,.85849059,.014150944,0,.0047169812,.92924529,0,0,0,0,0,0,1,.042452831,.0047169812,.80660379,0,0,.80660379,1.1132076,-.9481132,0,0,0,0,0,0,0,0,0,0,0,0,0,0,0,0,0,0
1,ACKB,166000,56000,110000,126000,0,0,126000,40000,0,40000,-19000,0,111000,767000,665000,2323000,137000,59000,3951000,1223000,0,0,0,0,0,10888000,1053000,2034000,5338000,1258000,1000,7610000,114000,0,0,0,3000,1000,0,2000,94000,139000,-11000,0,0,-190000,0,0,0,80000,0,253000,ACKERMANS V.HAAREN,BE0003764785,0,130,74.419998,26469.48,527.78003,1985172.3,ACKB,10888000,16.203173,.015246143,.0051432769,.010102865,.011572373,0,0,.011572373,.0036737693,.0036737693,0,.0036737693,-.0017450404,0,.01019471,.070444524,.061076414,.21335416,.01258266,.0054188096,.36287656,.1123255,0,0,0,0,0,1,.096711978,.18681116,.49026451,.11554004,.000091844231,.69893461,.010470242,0,0,0,.00027553269,.000091844231,0,.00018368846,.0086333575,.012766348,-.0010102865,0,0,-.017450403,0,0,0,.0073475386,0,.023236591
2,ACKB,1071000,602000,469000,989000,0,0,989000,83000,0,83000,-26000,0,73000,618000,689000,2615000,146000,8000,4076000,1222000,0,0,0,0,0,11111000,1096000,1985000,5363000,1227000,0,7773000,114000,0,0,0,58000,-62000,0,-18000,-19000,27000,-35000,0,0,-28000,0,0,0,-76000,2000,-75000,ACKERMANS V.HAAREN,BE0003764785,0,126,88.309998,33381.191,743.14001,2937074,ACKB,11111000,16.223446,.096390963,.05418054,.042210422,.089010887,0,0,.089010887,.0074700746,.0074700746,0,.0074700746,-.0023400234,0,.0065700659,.055620555,.06201062,.23535235,.013140132,.00072000723,.36684367,.1099811,0,0,0,0,0,1,.098640986,.17865178,.48267484,.1104311,0,.69957697,.010260102,0,0,0,.0052200523,-.005580056,0,-.0016200162,-.0017100171,.0024300243,-.0031500314,0,0,-.0025200252,0,0,0,-.0068400684,.00018000181,-.0067500677
1,AED,10000,2000,8000,3000,0,0,3000,7000,0,7000,-3000,0,6000,2000,0,4000,0,0,6000,1000,0,0,0,0,0,739000,8000,349000,57000,306000,0,362000,313000,19000,0,0,0,0,0,0,0,7000,0,0,0,-24000,0,0,0,17000,0,1000,AEDIFICA,BE0003851681,0,130,50.119999,7141.02,104.32,359965.38,AED,739000,13.513053,.013531799,.0027063598,.010825439,.0040595401,0,0,.0040595401,.0094722603,.0094722603,0,.0094722603,-.0040595401,0,.0081190802,.0027063598,0,.0054127197,0,0,.0081190802,.0013531799,0,0,0,0,0,1,.010825439,.47225982,.077131256,.41407308,0,.48985115,.42354533,.025710419,0,0,0,0,0,0,0,.0094722603,0,0,0,-.032476321,0,0,0,.023004059,0,.0013531799
2,AED,11000,1000,9000,3000,0,0,3000,8000,0,8000,0,0,5000,1000,0,3000,0,1000,5000,0,0,0,0,0,0,795000,7000,384000,85000,313000,0,398000,329000,29000,0,0,0,0,0,0,0,10000,0,0,0,-20000,0,0,0,9000,0,0,AEDIFICA,BE0003851681,.17,126,50.880001,8040.9399,141.74001,408453.97,AED,795000,13.586098,.013836478,.0012578616,.011320755,.003773585,0,0,.003773585,.010062893,.010062893,0,.010062893,0,0,.006289308,.0012578616,0,.003773585,0,.0012578616,.006289308,0,0,0,0,0,0,1,.0088050319,.48301888,.10691824,.3937107,0,.50062895,.41383648,.036477987,0,0,0,0,0,0,0,.012578616,0,0,0,-.025157232,0,0,0,.011320755,0,0
1,AGFB,739000,511000,228000,612000,0,0,612000,127000,0,127000,-5000,0,44000,126000,0,788000,542000,46000,1502000,11000,0,0,0,0,0,2568000,239000,343000,803000,319000,3000,2200000,397000,664000,0,0,0,-15000,0,50000,-57000,50000,-12000,0,0,-10000,0,0,0,-15000,-3000,22000,AGFA-GEVAERT,BE0003755692,0,130,1.62,301920.25,160.45,491682.88,AGFB,2568000,14.758638,.2877726,.19898754,.088785045,.23831776,0,0,.23831776,.049454827,.049454827,0,.049454827,-.0019470406,0,.017133957,.049065422,0,.30685359,.21105918,.017912773,.58489096,.0042834892,0,0,0,0,0,1,.093068533,.13356698,.3126947,.12422118,.0011682243,.8566978,.15459502,.25856698,0,0,0,-.0058411215,0,.019470405,-.022196261,.019470405,-.004672897,0,0,-.0038940811,0,0,0,-.0058411215,-.0011682243,.0085669784
2,AGFB,651000,444000,207000,607000,0,0,607000,44000,0,44000,-5000,0,28000,158000,0,778000,561000,32000,1529000,11000,0,0,0,0,0,2573000,241000,334000,796000,312000,0,2162000,397000,689000,0,0,17000,27000,0,-12000,-47000,32000,-6000,0,0,-8000,0,0,0,-10000,0,14000,AGFA-GEVAERT,BE0003755692,1,126,2.24,368421.84,331.76999,825922.94,AGFB,2573000,14.760583,.25301206,.17256121,.080450833,.23591138,0,0,.23591138,.01710066,.01710066,0,.01710066,-.0019432569,0,.010882239,.061406918,0,.30237079,.21803342,.012436844,.59424794,.004275165,0,0,0,0,0,1,.093664981,.12980956,.30936649,.12125923,0,.84026426,.1542946,.26778081,0,0,.0066070734,.010493588,0,-.0046638167,-.018266615,.012436844,-.0023319083,0,0,-.0031092111,0,0,0,-.0038865139,0,.0054411194
1,AGS,3527000,3001000,526000,3408000,0,0,3408000,120000,0,120000,-27000,0,102000,2213000,0,1366000,0,2350000,6240000,63684000,0,0,0,0,0,95736000,6301000,4444000,11657000,3061000,123000,86314000,4582000,570000,0,0,-302000,0,0,0,587000,859000,-31000,0,0,-483000,0,0,0,-336000,-1000,39000,AGEAS,BE0974264930,0,130,29.459999,475598.03,2710.9099,14021401,AGS,95736000,18.377106,.036840897,.031346619,.0054942761,.035597894,0,0,.035597894,.001253447,.001253447,0,.001253447,-.00028202558,0,.0010654299,.023115652,0,.014268405,0,.02454667,.065179244,.66520429,0,0,0,0,0,1,.06581641,.046419319,.12176193,.031973343,.0012847831,.90158349,.047860783,.005953873,0,0,-.0031545083,0,0,0,.0061314446,.0089725917,-.00032380712,0,0,-.0050451239,0,0,0,-.0035096516,-.000010445391,.00040737027
2,AGS,3599000,2880000,718000,3469000,0,0,3469000,130000,0,130000,-42000,0,51000,2446000,0,50000,0,4917000,7675000,66569000,0,0,0,0,0,99232000,5649000,4429000,12112000,3234000,0,89378000,4504000,31000,0,0,238000,0,0,0,336000,640000,-20000,0,0,-482000,0,0,0,-658000,6000,-494000,AGEAS,BE0974264930,1,126,31.33,458777.41,2751.26,14360993,AGS,99232000,18.412971,.036268543,.029022897,.0072355689,.034958482,0,0,.034958482,.0013100613,.0013100613,0,.0013100613,-.00042325057,0,.0005139471,.024649307,0,.00050386973,0,.049550548,.077344,.67084205,0,0,0,0,0,1,.0569272,.044632781,.1220574,.032590292,0,.90069735,.045388583,.00031239924,0,0,.0023984199,0,0,0,.0033860046,.0064495322,-.00020154788,0,0,-.004857304,0,0,0,-.0066309255,.000060464365,-.004978233
1,ASC,7000,0,7000,2000,0,0,2000,5000,0,5000,-2000,0,3000,0,0,0,0,4000,4000,0,0,0,0,0,0,485000,0,301000,146000,155000,0,301000,184000,0,0,0,0,0,0,0,0,0,0,0,0,0,0,0,0,0,0,0,ASCENCIO,BE0003856730,0,118,50.799999,527,5.5300002,26730.869,ASC,485000,13.091905,.01443299,0,.01443299,.0041237115,0,0,.0041237115,.010309278,.010309278,0,.010309278,-.0041237115,0,.006185567,0,0,0,0,.008247423,.008247423,0,0,0,0,0,0,1,0,.62061858,.30103093,.31958762,0,.62061858,.37938145,0,0,0,0,0,0,0,0,0,0,0,0,0,0,0,0,0,0,0
2,ASC,8000,0,8000,1000,0,0,1000,7000,0,7000,-2000,0,5000,0,0,0,0,4000,4000,0,0,0,0,0,0,487000,0,216000,43000,173000,0,216000,270000,0,0,0,0,0,0,0,0,0,0,0,0,0,0,0,0,0,0,0,ASCENCIO,BE0003856730,.039999999,122,52.040001,2518,11.5,130422.23,ASC,487000,13.09602,.016427105,0,.016427105,.0020533882,0,0,.0020533882,.014373717,.014373717,0,.014373717,-.0041067763,0,.01026694,0,0,0,0,.0082135526,.0082135526,0,0,0,0,0,0,1,0,.44353184,.088295691,.35523614,0,.44353184,.55441481,0,0,0,0,0,0,0,0,0,0,0,0,0,0,0,0,0,0,0
1,ATEB,16000,9000,8000,13000,0,0,13000,3000,0,3000,-1000,0,1000,2000,37000,33000,261000,1000,334000,11000,0,0,0,0,0,377000,16000,214000,87000,164000,0,272000,45000,12000,0,0,0,-5000,0,-8000,-12000,-23000,0,0,0,-6000,0,0,0,28000,0,-2000,ATENOR GROUP,BE0003837540,0,129,32.790001,1746.72,17.190001,57623.672,ATEB,377000,12.84,.042440318,.023872679,.021220159,.034482758,0,0,.034482758,.00795756,.00795756,0,.00795756,-.0026525198,0,.0026525198,.0053050397,.098143235,.087533154,.69230771,.0026525198,.88594162,.02917772,0,0,0,0,0,1,.042440318,.56763923,.23076923,.43501326,0,.72148544,.1193634,.03183024,0,0,0,-.0132626,0,-.021220159,-.03183024,-.061007958,0,0,0,-.01591512,0,0,0,.074270554,0,-.0053050397
2,ATEB,33000,21000,12000,26000,0,0,26000,7000,0,7000,-1000,0,2000,12000,12000,30000,256000,1000,311000,39000,0,0,0,0,0,383000,27000,228000,90000,176000,0,280000,51000,71000,0,0,0,-14000,0,5000,1000,-3000,-1000,0,0,-6000,0,0,0,1000,0,-7000,ATENOR GROUP,BE0003837540,1,126,37.59,2117.29,28,79906.359,ATEB,383000,12.85579,.086161882,.054830287,.031331591,.067885116,0,0,.067885116,.018276762,.018276762,0,.018276762,-.0026109661,0,.0052219322,.031331591,.031331591,.078328982,.66840732,.0026109661,.81201047,.10182767,0,0,0,0,0,1,.070496082,.59530026,.23498695,.45953003,0,.73107052,.13315926,.1853786,0,0,0,-.036553524,0,.01305483,.0026109661,-.0078328978,-.0026109661,0,0,-.015665796,0,0,0,.0026109661,0,-.018276762
1,BANI,1000,3000,-2000,5000,0,0,5000,-4000,0,-4000,-2000,0,-6000,4000,0,13000,152000,0,169000,40000,0,0,0,0,0,357000,21000,208000,40000,193000,0,241000,132000,0,0,0,0,-1000,0,0,0,0,0,0,0,17000,0,0,0,-16000,0,1000,BANIMMO A,BE0003870871,0,130,8.9399996,2146.9199,10.18,18964.24,BANI,357000,12.785491,.0028011205,.0084033618,-.005602241,.014005602,0,0,.014005602,-.011204482,-.011204482,0,-.011204482,-.005602241,0,-.016806724,.011204482,0,.036414567,.42577031,0,.47338936,.11204482,0,0,0,0,0,1,.05882353,.58263308,.11204482,.54061627,0,.67507005,.36974791,0,0,0,0,-.0028011205,0,0,0,0,0,0,0,.047619049,0,0,0,-.044817928,0,.0028011205
2,BANI,2000,1000,1000,3000,0,0,3000,-1000,0,-1000,-5000,0,-4000,5000,0,14000,155000,0,173000,91000,0,0,0,0,0,359000,14000,229000,27000,216000,0,251000,132000,0,0,0,0,0,0,0,0,-2000,0,0,0,-9000,0,0,0,10000,0,0,BANIMMO A,BE0003870871,1,126,8.4399996,3506.9399,14.11,29571.32,BANI,359000,12.791078,.0055710305,.0027855153,.0027855153,.0083565461,0,0,.0083565461,-.0027855153,-.0027855153,0,-.0027855153,-.013927577,0,-.011142061,.013927577,0,.038997214,.43175489,0,.48189417,.25348189,0,0,0,0,0,1,.038997214,.63788301,.075208917,.60167134,0,.69916433,.36768803,0,0,0,0,0,0,0,0,-.0055710305,0,0,0,-.025069637,0,0,0,.027855154,0,0
2,BAR,249000,167000,82000,242000,0,0,242000,7000,0,7000,-1000,0,6000,92000,0,201000,237000,0,537000,12000,0,0,0,0,0,1007000,120000,56000,383000,42000,94000,436000,565000,0,0,0,6000,10000,0,-12000,-12000,14000,-5000,0,0,-28000,0,0,0,-18000,0,-32000,BARCO,BE0003790079,.02,126,56.18,24608.141,459.62,1370407.8,BAR,1007000,13.822486,.24726911,.16583912,.081429988,.24031778,0,0,.24031778,.0069513405,.0069513405,0,.0069513405,-.00099304866,0,.0059582922,.09136048,0,.19960278,.23535253,0,.53326714,.011916584,0,0,0,0,0,1,.11916584,.055610724,.38033763,.041708045,.093346573,.43296921,.56107247,0,0,0,.0059582922,.0099304868,0,-.011916584,-.011916584,.013902681,-.0049652434,0,0,-.027805362,0,0,0,-.017874876,0,-.031777557
2,BEFB,37000,6000,31000,8000,0,0,8000,29000,0,29000,-6000,0,19000,1000,0,30000,0,4000,36000,19000,0,0,0,0,0,2319000,57000,1048000,434000,698000,0,1133000,972000,39000,0,0,0,0,0,0,-18000,5000,0,0,0,-17000,0,0,0,11000,0,0,BEFIMMO,BE0003678894,.059999999,126,52.209999,25248.75,383.69,1321916.4,BEFB,2319000,14.656647,.015955154,.0025873221,.013367831,.0034497629,0,0,.0034497629,.012505391,.012505391,0,.012505391,-.0025873221,0,.0081931865,.00043122037,0,.012936611,0,.0017248815,.015523933,.0081931865,0,0,0,0,0,1,.02457956,.45191893,.18714963,.3009918,0,.48857266,.41914618,.016817594,0,0,0,0,0,0,-.0077619664,.0021561019,0,0,0,-.0073307459,0,0,0,.0047434238,0,0
1,BEKB,769000,652000,117000,728000,0,0,728000,41000,0,41000,-17000,0,1000,392000,10000,781000,539000,36000,1772000,179000,0,0,0,0,0,3380000,339000,1012000,972000,688000,0,1877000,208000,1308000,0,0,31000,0,0,0,81000,122000,-31000,0,0,-26000,0,0,0,-56000,-3000,37000,BEKAERT,BE0974258874,0,130,26.969999,111228.76,1060.8199,2987151.3,BEKB,3380000,15.033386,.22751479,.19289941,.034615386,.21538462,0,0,.21538462,.012130178,.012130178,0,.012130178,-.0050295857,0,.00029585799,.11597633,.0029585799,.23106509,.15946746,.010650887,.52426034,.052958582,0,0,0,0,0,1,.10029586,.29940829,.28757396,.20355029,0,.55532545,.061538462,.38698226,0,0,.0091715977,0,0,0,.023964496,.036094673,-.0091715977,0,0,-.0076923077,0,0,0,-.016568048,-.00088757399,.010946746
2,BEKB,804000,676000,129000,754000,0,0,754000,51000,0,51000,-15000,0,40000,533000,10000,882000,618000,62000,2105000,170000,0,0,0,0,0,3724000,378000,1251000,1071000,860000,0,2179000,208000,1345000,0,0,42000,0,0,0,-62000,5000,-29000,0,0,-23000,0,0,0,89000,0,71000,BEKAERT,BE0974258874,1,126,27.540001,72346.422,761.79999,1991269.9,BEKB,3724000,15.130309,.21589689,.18152525,.034640171,.20247047,0,0,.20247047,.013694951,.013694951,0,.013694951,-.0040279268,0,.010741139,.14312567,.0026852847,.23684211,.1659506,.016648766,.56525242,.045649838,0,0,0,0,0,1,.10150376,.3359291,.28759399,.23093449,0,.58512354,.055853922,.3611708,0,0,.011278195,0,0,0,-.016648766,.0013426424,-.0077873254,0,0,-.0061761546,0,0,0,.023899034,0,.019065522
2,BIL,17000,16000,1000,16000,0,0,16000,1000,0,1000,0,0,1000,12000,0,25000,0,0,38000,0,0,0,0,0,0,99000,11000,0,26000,0,0,27000,38000,2000,0,0,0,0,0,0,3000,3000,0,0,0,0,0,0,0,0,0,3000,RENTABILIWEB,BE0946620946,1,126,9.5200005,23357.57,81.18,222507.77,BIL,99000,11.502875,.17171717,.16161616,.01010101,.16161616,0,0,.16161616,.01010101,.01010101,0,.01010101,0,0,.01010101,.12121212,0,.25252524,0,0,.38383839,0,0,0,0,0,0,1,.11111111,0,.26262626,0,0,.27272728,.38383839,.02020202,0,0,0,0,0,0,.030303031,.030303031,0,0,0,0,0,0,0,0,0,.030303031
1,BPOST,636000,487000,149000,544000,0,0,544000,93000,0,93000,-2000,0,53000,448000,0,387000,9000,14000,858000,341000,0,0,0,0,0,1929000,189000,87000,810000,73000,13000,1352000,364000,153000,0,0,6000,-69000,0,-1000,11000,47000,-29000,0,0,-34000,0,0,0,-195000,0,-183000,BPOST,BE0974268972,0,130,14.42,349619.81,915.78998,5063407.5,BPOST,1929000,14.472512,.32970452,.25246242,.077242091,.28201142,0,0,.28201142,.048211507,.048211507,0,.048211507,-.0010368066,0,.027475376,.23224469,0,.20062208,.0046656299,.0072576464,.44479004,.17677553,0,0,0,0,0,1,.097978227,.045101088,.41990668,.037843443,.0067392429,.7008813,.18869881,.079315707,0,0,.00311042,-.035769828,0,-.00051840331,.0057024364,.024364956,-.015033696,0,0,-.017625714,0,0,0,-.10108865,0,-.094867811
2,BREB,67000,0,67000,0,0,0,0,67000,0,67000,0,0,66000,39000,0,10000,0,0,49000,1198000,0,0,0,0,0,1252000,0,0,23000,0,0,23000,246000,0,0,0,0,0,0,0,0,9000,0,0,0,5000,0,0,0,-11000,0,3000,BREDERODE,LU1068091351,1,116,28.209999,6564.2402,48.259998,184686.23,BREB,1252000,14.040253,.053514376,0,.053514376,0,0,0,0,.053514376,.053514376,0,.053514376,0,0,.052715655,.03115016,0,.0079872208,0,0,.039137378,.95686901,0,0,0,0,0,1,0,0,.018370608,0,0,.018370608,.19648562,0,0,0,0,0,0,0,0,.0071884985,0,0,0,.0039936104,0,0,0,-.0087859426,0,.0023961661
1,CARD,0,2000,-2000,3000,0,0,3000,-3000,0,-3000,0,0,-3000,19000,3000,0,0,0,23000,0,0,0,0,0,0,32000,2000,0,3000,0,1000,15000,55000,-36000,0,0,0,0,0,0,0,-3000,0,0,0,-2000,0,0,0,12000,0,8000,CARDIO3 BIO,BE0974260896,0,127,18.48,22506.92,225.37,502258.88,CARD,32000,10.373491,0,.0625,-.0625,.09375,0,0,.09375,-.09375,-.09375,0,-.09375,0,0,-.09375,.59375,.09375,0,0,0,.71875,0,0,0,0,0,0,1,.0625,0,.09375,0,.03125,.46875,1.71875,-1.125,0,0,0,0,0,0,0,-.09375,0,0,0,-.0625,0,0,0,.375,0,.25
2,CARD,0,3000,-3000,3000,0,0,3000,-3000,0,-3000,0,0,-3000,35000,5000,0,0,2000,42000,0,0,0,0,0,0,52000,3000,0,4000,0,0,16000,82000,-42000,0,0,0,-1000,0,0,0,-4000,0,0,0,0,0,0,0,13000,0,9000,CARDIO3 BIO,BE0974260896,.98000002,126,39.77,27135.17,422.10001,1136758.8,CARD,52000,10.858999,0,.057692308,-.057692308,.057692308,0,0,.057692308,-.057692308,-.057692308,0,-.057692308,0,0,-.057692308,.67307693,.096153848,0,0,.03846154,.80769229,0,0,0,0,0,0,1,.057692308,0,.07692308,0,0,.30769232,1.5769231,-.80769229,0,0,0,-.01923077,0,0,0,-.07692308,0,0,0,0,0,0,0,.25,0,.17307693
1,CFEB,592000,369000,223000,568000,0,0,568000,24000,0,24000,-10000,0,-44000,475000,1000,1117000,216000,101000,1909000,42000,0,0,0,0,0,4161000,1046000,1287000,1951000,859000,0,2958000,841000,358000,0,0,32000,17000,0,-1000,0,65000,-13000,0,0,73000,0,0,0,-13000,1000,126000,CFE,BE0003883031,0,130,52.43,19680.18,270.89999,1047412.7,CFEB,4161000,15.241266,.14227349,.088680603,.053592887,.13650565,0,0,.13650565,.0057678442,.0057678442,0,.0057678442,-.0024032684,0,-.010574381,.11415525,.00024032684,.26844507,.051910598,.024273012,.45878395,.010093727,0,0,0,0,0,1,.25138187,.30930066,.46887767,.20644076,0,.71088678,.20211488,.08603701,0,0,.007690459,.0040855561,0,-.00024032684,0,.015621245,-.0031242489,0,0,.01754386,0,0,0,-.0031242489,.00024032684,.030281182
2,CFEB,887000,535000,352000,840000,0,0,840000,46000,0,46000,-10000,0,32000,428000,54000,1194000,123000,112000,1911000,222000,0,0,0,0,0,4032000,1020000,1006000,1870000,657000,0,2796000,841000,393000,0,0,54000,-69000,0,-2000,0,58000,-26000,0,0,-23000,0,0,0,-41000,1000,-5000,CFE,BE0003883031,.02,126,72.889999,16585.52,294.51999,1202369.4,CFEB,4032000,15.209773,.21999007,.13268849,.08730159,.20833333,0,0,.20833333,.01140873,.01140873,0,.01140873,-.0024801588,0,.0079365084,.10615079,.013392857,.29613096,.030505951,.027777778,.47395834,.055059522,0,0,0,0,0,1,.25297618,.24950397,.46378967,.16294643,0,.69345236,.20858134,.097470239,0,0,.013392857,-.017113095,0,-.00049603177,0,.014384921,-.0064484128,0,0,-.0057043652,0,0,0,-.010168651,.00024801589,-.0012400794
1,CMB,189000,185000,3000,210000,0,0,210000,-21000,0,-21000,-44000,0,13000,81000,4000,122000,11000,47000,266000,31000,0,0,0,0,0,2095000,16000,808000,209000,712000,0,1013000,35000,1022000,0,0,0,0,0,0,0,0,0,0,0,0,0,0,0,0,0,0,CMB,BE0003817344,0,130,18.48,23011.07,138.34,434812.63,CMB,2095000,14.555064,.090214796,.088305488,.0014319809,.10023867,0,0,.10023867,-.010023867,-.010023867,0,-.010023867,-.021002386,0,.0062052505,.038663484,.0019093079,.058233891,.0052505964,.022434367,.12696898,.014797136,0,0,0,0,0,1,.0076372316,.3856802,.099761337,.3398568,0,.48353222,.016706444,.48782817,0,0,0,0,0,0,0,0,0,0,0,0,0,0,0,0,0,0
1,COFB,74000,26000,47000,27000,0,0,27000,46000,0,46000,-17000,0,0,16000,0,41000,0,46000,105000,12000,0,0,0,0,0,3670000,26000,1744000,576000,1267000,0,1989000,1242000,646000,0,0,0,0,0,0,0,0,0,0,0,0,0,0,0,0,0,0,COFINIMMO,BE0003593044,0,130,87.019997,29705.73,682.97998,2588387.5,COFB,3670000,15.115703,.020163488,.0070844688,.012806539,.0073569482,0,0,.0073569482,.01253406,.01253406,0,.01253406,-.0046321526,0,0,.0043596732,0,.011171662,0,.01253406,.028610354,.0032697548,0,0,0,0,0,1,.0070844688,.47520435,.15694822,.34523162,0,.54196185,.33841962,.1760218,0,0,0,0,0,0,0,0,0,0,0,0,0,0,0,0,0,0
2,COFB,65000,12000,53000,13000,0,0,13000,51000,0,51000,-3000,0,-61000,24000,0,37000,0,37000,102000,6000,0,0,0,0,0,3469000,70000,1650000,648000,1104000,0,1872000,1275000,-61000,0,0,0,0,0,0,0,0,0,0,0,0,0,0,0,0,0,0,COFINIMMO,BE0003593044,0,126,87.400002,36770.121,800.96002,3219577,COFB,3469000,15.059377,.018737389,.00345921,.015278178,.0037474777,0,0,.0037474777,.014701643,.014701643,0,.014701643,-.00086480251,0,-.017584318,.0069184201,0,.010665898,0,.010665898,.029403286,.001729605,0,0,0,0,0,1,.020178726,.4756414,.18679735,.31824735,0,.53963679,.36754107,-.017584318,0,0,0,0,0,0,0,0,0,0,0,0,0,0,0,0,0,0
1,COLR,2200000,1686000,514000,2082000,0,0,2082000,118000,0,118000,0,0,87000,603000,17000,522000,575000,5000,1742000,160000,0,0,0,0,0,3722000,1047000,32000,1593000,11000,0,1755000,261000,1996000,0,0,49000,14000,0,-5000,2000,186000,-107000,0,0,-102000,0,0,0,-90000,0,-6000,COLRUYT,BE0974256852,0,130,41.16,120570.2,1231.66,4937143,COLR,3722000,15.129772,.59108007,.45298228,.13809779,.55937666,0,0,.55937666,.031703386,.031703386,0,.031703386,0,0,.02337453,.16200967,.0045674369,.14024718,.15448684,.0013433638,.46802795,.042987641,0,0,0,0,0,1,.28130037,.0085975286,.42799571,.0029554004,0,.47152069,.070123591,.5362708,0,0,.013164965,.0037614186,0,-.0013433638,.00053734554,.049973134,-.028747985,0,0,-.027404621,0,0,0,-.024180548,0,-.0016120365
2,DECB,132000,96000,36000,130000,0,0,130000,2000,0,2000,-4000,0,0,22000,0,113000,94000,7000,236000,0,0,0,0,0,0,455000,87000,113000,210000,16000,0,252000,89000,0,0,0,5000,-8000,0,-9000,1000,4000,-7000,0,0,-7000,0,0,0,2000,0,0,DECEUNINCK,BE0003789063,1,126,2.27,160877.3,140.77,362024.53,DECB,455000,13.028052,.2901099,.21098901,.079120882,.2857143,0,0,.2857143,.0043956046,.0043956046,0,.0043956046,-.0087912092,0,0,.048351649,0,.24835165,.20659341,.015384615,.51868135,0,0,0,0,0,0,1,.19120879,.24835165,.46153846,.035164837,0,.55384618,.1956044,0,0,0,.010989011,-.017582418,0,-.01978022,.0021978023,.0087912092,-.015384615,0,0,-.015384615,0,0,0,.0043956046,0,0
1,DELB,5338000,4063000,1275000,5163000,0,0,5163000,175000,0,175000,-48000,0,100000,1149000,151000,622000,1353000,319000,3666000,46000,0,0,0,0,0,11596000,1993000,2809000,3142000,2019000,0,6520000,2865000,3677000,0,0,145000,0,0,0,213000,445000,-241000,0,0,-225000,0,0,0,-14000,-12000,194000,DELHAIZE GROUP,BE0003562700,0,130,46.360001,447826.28,4265.48,20801754,DELB,11596000,16.266171,.46033114,.35037944,.1099517,.44523975,0,0,.44523975,.015091411,.015091411,0,.015091411,-.0041393582,0,.0086236633,.09908589,.013021732,.053639185,.11667816,.027509486,.31614348,.0039668852,0,0,0,0,0,1,.17186961,.2422387,.2709555,.17411177,0,.56226283,.24706796,.31709209,0,0,.012504312,0,0,0,.018368402,.038375303,-.020783029,0,0,-.019403242,0,0,0,-.0012073129,-.0010348395,.016729906
2,DELB,5273000,4008000,1265000,5095000,0,0,5095000,178000,0,178000,-50000,0,-44000,1000000,231000,571000,1318000,147000,3267000,55000,0,0,0,0,0,10967000,1858000,2580000,2656000,2046000,0,5970000,4991000,0,0,0,149000,0,0,0,29000,204000,-150000,0,0,5000,0,0,0,-367000,7000,-151000,DELHAIZE GROUP,BE0003562700,.40000001,126,50,467645.72,4277.2998,23223506,DELB,10967000,16.210402,.48080605,.36546001,.11534604,.46457556,0,0,.46457556,.016230511,.016230511,0,.016230511,-.0045591318,0,-.0040120361,.091182642,.02106319,.052065287,.12017871,.013403848,.29789367,.0050150449,0,0,0,0,0,1,.16941734,.2352512,.24218109,.18655968,0,.54436034,.45509255,0,0,0,.013586213,0,0,0,.0026442965,.018601259,-.013677396,0,0,.00045591319,0,0,0,-.033464029,.00063827849,-.013768579
1,DEXB,-6000,2000,-8000,116000,0,0,116000,-121000,0,0,0,0,-94000,2637000,550000,193000,0,27190000,55870000,29689000,0,0,0,0,0,222936000,7831000,205165000,117448000,95841000,0,218977000,2400000,-1083000,0,0,3000,0,0,0,186000,91000,-6000,0,0,32000,0,0,0,-20000,-32000,71000,DEXIA,BE0003796134,0,130,.039999999,4475363.5,183.73,167240,DEXB,222936000,19.222395,-.000026913554,8.9711848e-06,-.000035884739,.0005203287,0,0,.0005203287,-.00054275669,-.00054275669,0,0,0,0,-.00042164567,.011828507,.0024670758,.00086571928,0,.12196326,.25061005,.13317275,0,0,0,0,0,1,.035126675,.92028654,.52682382,.42990366,0,.98224151,.010765421,-.0048578964,0,0,.000013456777,0,0,0,.00083432015,.00040818891,-.000026913554,0,0,.00014353896,0,0,0,-.000089711844,-.00014353896,.00031847705
2,DEXB,-70000,0,-70000,102000,0,0,102000,-172000,0,0,0,0,-205000,9305000,0,188000,0,31235000,69753000,29643000,0,0,0,0,0,237993000,0,226713000,34012000,199481000,0,233953000,2440000,-329000,0,0,7000,0,0,0,4134000,3965000,-3000,0,0,196000,0,0,0,-16000,17000,4162000,DEXIA,BE0003796134,1,126,.039999999,2960458.8,124.28,121699.15,DEXB,237992992,19.287752,-.00029412631,0,-.00029412631,.00042858403,0,0,.00042858403,-.00072271033,-.00072271033,0,0,0,0,-.00086136989,.03909779,0,.00078993919,0,.13124336,.29308847,.12455408,0,0,0,0,0,1,0,.95260364,.14291176,.83818012,0,.98302472,.010252402,-.0013823936,0,0,.000029412629,0,0,0,.017370259,.016660154,-.000012605413,0,0,.00082355365,0,0,0,-.000067228866,.000071430673,.01748791
2,DIE,1487000,1054000,433000,1435000,0,0,1435000,51000,0,51000,-12000,0,34000,204000,235000,527000,572000,0,1548000,84000,0,0,0,0,0,3724000,708000,1048000,925000,852000,0,1971000,184000,1662000,0,0,30000,0,0,0,-10000,67000,-28000,0,0,-22000,0,0,0,-43000,0,2000,D&#039;IETEREN,BE0974259880,1,126,33.389999,56265.75,626.39001,1898469,DIE,3724000,15.130309,.39930183,.28302899,.11627282,.38533834,0,0,.38533834,.013694951,.013694951,0,.013694951,-.0032223416,0,.0091299675,.054779805,.06310419,.1415145,.15359828,0,.41568205,.022556391,0,0,0,0,0,1,.19011815,.28141782,.24838883,.22878624,0,.52926958,.049409237,.44629431,0,0,.0080558537,0,0,0,-.0026852847,.017991407,-.0075187972,0,0,-.0059076264,0,0,0,-.011546724,0,.00053705694
2,ECONB,486000,430000,56000,472000,0,0,472000,14000,0,14000,-2000,0,8000,135000,0,743000,27000,32000,978000,18000,0,0,0,0,0,1515000,486000,311000,961000,174000,0,1240000,226000,16000,0,0,3000,0,0,0,-56000,-47000,-5000,0,0,-24000,0,0,0,63000,0,-8000,ECONOCOM GROUP,BE0974266950,1,126,7.8099999,136251.91,387.82001,1065789.6,ECONB,1515000,14.230926,.32079208,.28382838,.036963698,.31155115,0,0,.31155115,.0092409244,.0092409244,0,.0092409244,-.0013201321,0,.0052805282,.089108914,0,.49042904,.017821781,.021122113,.64554453,.011881188,0,0,0,0,0,1,.32079208,.20528053,.63432342,.11485148,0,.81848186,.14917491,.010561056,0,0,.0019801981,0,0,0,-.036963698,-.031023102,-.0033003301,0,0,-.015841585,0,0,0,.04158416,0,-.0052805282
2,ELI,191000,87000,104000,145000,0,0,145000,47000,0,47000,-30000,0,47000,60000,0,272000,14000,16000,362000,837000,0,0,0,0,0,5471000,243000,2692000,454000,2675000,0,3265000,1516000,708000,0,0,27000,13000,0,0,34000,84000,-51000,0,0,-53000,0,0,0,-122000,0,-91000,ELIA,BE0003822393,1,126,36.349998,35980.219,426.81,1321006.4,ELI,5471000,15.514972,.034911349,.015902029,.019009322,.026503382,0,0,.026503382,.0085907513,.0085907513,0,.0085907513,-.0054834583,0,.0085907513,.010966917,0,.049716689,.0025589471,.002924511,.066167064,.15298848,0,0,0,0,0,1,.04441601,.49204898,.082983002,.4889417,0,.59678304,.27709743,.12940961,0,0,.0049351123,.0023761652,0,0,.0062145861,.015353683,-.0093218787,0,0,-.0096874433,0,0,0,-.022299398,0,-.016633157
1,EURN,9000,29000,-20000,42000,0,0,42000,-33000,0,-33000,-4000,0,-23000,74000,0,67000,0,51000,192000,23000,0,0,0,0,0,1921000,32000,975000,245000,837000,0,1120000,425000,423000,0,0,0,0,0,0,0,0,0,0,0,0,0,0,0,0,0,0,EURONAV,BE0003816338,0,129,4.77,76544,139.47,397277.91,EURN,1921000,14.468356,.0046850597,.015096304,-.010411244,.021863613,0,0,.021863613,-.017178552,-.017178552,0,-.017178552,-.0020822489,0,-.011972931,.038521603,0,.034877669,0,.026548672,.099947944,.011972931,0,0,0,0,0,1,.016657991,.50754815,.12753774,.43571058,0,.58302969,.22123894,.22019781,0,0,0,0,0,0,0,0,0,0,0,0,0,0,0,0,0,0
2,EVS,36000,9000,27000,23000,0,0,23000,13000,0,13000,0,0,9000,35000,0,29000,18000,1000,82000,9000,0,0,0,0,0,137000,8000,29000,42000,22000,0,66000,8000,67000,0,0,1000,5000,0,0,0,17000,-7000,0,0,-7000,0,0,0,2000,0,12000,EVS BROADC.EQUIPM.,BE0003820371,1,126,43.82,38171.961,556.92999,1614780.6,EVS,137000,11.827736,.26277372,.065693431,.1970803,.16788322,0,0,.16788322,.094890513,.094890513,0,.094890513,0,0,.065693431,.25547445,0,.21167883,.13138686,.00729927,.59854013,.065693431,0,0,0,0,0,1,.05839416,.21167883,.30656934,.16058394,0,.48175183,.05839416,.4890511,0,0,.00729927,.036496349,0,0,0,.12408759,-.05109489,0,0,-.05109489,0,0,0,.01459854,0,.087591238
1,EXM,89000,112000,-23000,131000,0,0,131000,-42000,0,-42000,-12000,0,8000,216000,13000,77000,0,20000,325000,7000,0,0,0,0,0,1189000,53000,659000,251000,504000,0,782000,299000,161000,0,0,0,0,0,0,0,0,0,0,0,0,0,0,0,0,0,0,EXMAR,BE0003808251,0,130,9.4399996,92052.094,308.98001,896552.69,EXM,1189000,13.988624,.074852817,.094196804,-.019343987,.11017662,0,0,.11017662,-.035323802,-.035323802,0,-.035323802,-.010092515,0,.0067283432,.18166527,.010933558,.064760305,0,.016820857,.27333894,.0058873002,0,0,0,0,0,1,.044575274,.55424726,.21110177,.42388561,0,.65769553,.25147182,.13540791,0,0,0,0,0,0,0,0,0,0,0,0,0,0,0,0,0,0
1,FLUX,156000,53000,103000,112000,0,0,112000,44000,0,44000,-13000,0,20000,131000,144000,70000,47000,17000,408000,0,0,0,0,0,0,2858000,38000,1588000,167000,1484000,0,2067000,60000,733000,0,0,36000,-7000,0,-1000,-4000,38000,-25000,0,0,-20000,0,0,0,-67000,0,-49000,FLUXYS BELGIUM D,BE0974265945,0,129,28.91,3142.6399,22.719999,90523.469,FLUX,2858000,14.865633,.054583624,.018544437,.036039189,.039188243,0,0,.039188243,.015395381,.015395381,0,.015395381,-.0045486353,0,.0069979005,.045836248,.050384883,.024492653,.016445067,.0059482157,.14275718,0,0,0,0,0,0,1,.013296011,.55563331,.058432471,.51924425,0,.72323304,.020993702,.25647306,0,0,.012596221,-.0024492652,0,-.00034989504,-.0013995802,.013296011,-.0087473756,0,0,-.0069979005,0,0,0,-.023442967,0,-.017144857
2,FLUX,143000,45000,98000,111000,0,0,111000,33000,0,33000,-13000,0,13000,208000,114000,84000,41000,9000,456000,0,0,0,0,0,0,2846000,41000,1643000,161000,1551000,0,2128000,60000,667000,0,0,34000,4000,0,3000,3000,74000,-21000,0,0,-20000,0,0,0,-15000,0,38000,FLUXYS BELGIUM D,BE0974265945,1,125,29.290001,2299.0801,20.43,67187.508,FLUX,2846000,14.861425,.050245959,.015811665,.034434292,.039002109,0,0,.039002109,.011595221,.011595221,0,.011595221,-.0045678145,0,.0045678145,.073085032,.040056217,.029515108,.014406184,.003162333,.16022487,0,0,0,0,0,0,1,.014406184,.5773015,.056570627,.5449754,0,.74771607,.021082221,.23436402,0,0,.011946592,.0014054814,0,.0010541111,.0010541111,.026001405,-.007378777,0,0,-.0070274067,0,0,0,-.0052705551,0,.013352073
1,GBLB,1135000,420000,715000,804000,0,0,804000,331000,0,331000,0,0,315000,1075000,183000,616000,620000,158000,3227000,12435000,0,0,0,0,0,18958000,411000,3524000,1000000,3427000,40000,5267000,4469000,6306000,0,0,0,0,0,0,0,0,0,0,0,0,0,0,0,0,0,0,GBL,BE0003797140,0,130,62.720001,88553.688,1047.78,5540705,GBLB,18958000,16.757736,.059869185,.022154236,.037714947,.042409535,0,0,.042409535,.017459648,.017459648,0,.017459648,0,0,.016615678,.056704294,.0096529173,.03249288,.032703873,.008334212,.17021838,.6559236,0,0,0,0,0,1,.021679502,.18588458,.052748181,.18076801,.0021099271,.27782467,.23573162,.33263004,0,0,0,0,0,0,0,0,0,0,0,0,0,0,0,0,0,0
2,GBLB,1412000,322000,1090000,892000,0,0,892000,520000,0,520000,0,0,472000,936000,0,629000,667000,528000,3451000,12818000,0,0,0,0,0,19580000,473000,3218000,1389000,2813000,0,5052000,4469000,6344000,0,0,0,0,0,0,0,0,0,0,0,0,0,0,0,0,0,0,GBL,BE0003797140,0,126,71.989998,92951.539,1140.13,6664024.5,GBLB,19580000,16.79002,.072114401,.016445352,.055669051,.045556691,0,0,.045556691,.026557712,.026557712,0,.026557712,0,0,.024106231,.047803883,0,.032124616,.034065373,.026966292,.17625128,.65464759,0,0,0,0,0,1,.024157302,.16435137,.070939735,.14366701,0,.25801837,.22824311,.32400408,0,0,0,0,0,0,0,0,0,0,0,0,0,0,0,0,0,0
1,GIMB,-42000,-29000,-12000,-61000,0,0,-61000,19000,0,19000,0,0,3000,41000,15000,23000,0,6000,86000,795000,0,0,0,0,0,1027000,1000,0,14000,0,0,24000,270000,722000,0,0,-2000,4000,0,1000,0,7000,6000,0,0,-32000,0,0,0,2000,0,-24000,GIMV,BE0003699130,0,130,37.25,13300.81,179.39,494582.38,GIMB,1027000,13.842153,-.040895812,-.028237585,-.011684518,-.0593963,0,0,-.0593963,.018500486,.018500486,0,.018500486,0,0,.0029211296,.039922103,.014605648,.022395326,0,.0058422592,.083739042,.77409929,0,0,0,0,0,1,.00097370986,0,.013631938,0,0,.023369037,.26290166,.70301849,0,0,-.0019474197,.0038948394,0,.00097370986,0,.006815969,.0058422592,0,0,-.031158715,0,0,0,.0019474197,0,-.023369037
1,GLOG,2000,0,2000,3000,0,0,3000,0,0,0,0,0,0,1000,0,2000,0,0,3000,0,0,0,0,0,0,15000,0,0,2000,0,0,2000,4000,18000,0,0,0,0,0,0,0,0,0,0,0,0,0,0,0,0,0,0,GLOBAL GRAPHICS,FR0004152221,0,123,1.26,10323.98,10.37,13709.79,GLOG,15000,9.6158056,.13333334,0,.13333334,.2,0,0,.2,0,0,0,0,0,0,0,.06666667,0,.13333334,0,0,.2,0,0,0,0,0,0,1,0,0,.13333334,0,0,.13333334,.26666668,1.2,0,0,0,0,0,0,0,0,0,0,0,0,0,0,0,0,0,0
2,GLOG,3000,0,3000,2000,0,0,2000,0,0,0,0,0,0,2000,0,2000,0,0,4000,0,0,0,0,0,0,16000,0,0,2000,0,0,2000,4000,19000,0,0,0,0,0,0,0,1000,0,0,0,0,0,0,0,0,0,0,GLOBAL GRAPHICS,FR0004152221,1,122,1.6799999,14114.71,14.35,24088.211,GLOG,16000,9.6803436,.1875,0,.1875,.125,0,0,.125,0,0,0,0,0,0,0,.125,0,.125,0,0,.25,0,0,0,0,0,0,1,0,0,.125,0,0,.125,.25,1.1875,0,0,0,0,0,0,0,.0625,0,0,0,0,0,0,0,0,0,0
1,HAMO,0,0,0,0,0,0,0,0,0,0,0,0,0,120000,0,235000,13000,10000,379000,3000,0,0,0,0,0,516000,105000,178000,340000,89000,10000,448000,16000,50000,0,0,0,0,0,0,0,0,0,0,0,0,0,0,0,0,0,0,HAMON,BE0003700144,0,129,14.76,3140.97,25.639999,47261.609,HAMO,516000,13.153862,0,0,0,0,0,0,0,0,0,0,0,0,0,0,.23255815,0,.45542637,.025193799,.019379845,.73449612,.0058139535,0,0,0,0,0,1,.20348836,.34496123,.65891474,.17248061,.019379845,.86821705,.031007752,.096899226,0,0,0,0,0,0,0,0,0,0,0,0,0,0,0,0,0,0
2,HAMO,148000,127000,21000,145000,0,0,145000,3000,0,3000,-3000,0,1000,163000,0,233000,15000,1000,429000,3000,0,0,0,0,0,577000,168000,230000,527000,2000,0,546000,16000,10000,0,0,2000,0,0,0,0,-1000,-1000,0,0,-2000,0,0,0,24000,0,22000,HAMON,BE0003700144,1,126,15.07,3569.0801,28.16,53996.789,HAMO,577000,13.265597,.25649914,.22010398,.036395147,.25129983,0,0,.25129983,.0051993066,.0051993066,0,.0051993066,-.0051993066,0,.0017331023,.28249568,0,.40381283,.025996534,.0017331023,.74350089,.0051993066,0,0,0,0,0,1,.29116118,.39861351,.91334486,.0034662045,0,.9462738,.027729636,.017331023,0,0,.0034662045,0,0,0,0,-.0017331023,-.0017331023,0,0,-.0034662045,0,0,0,.041594453,0,.038128249
1,HOMI,5000,2000,3000,2000,0,0,2000,3000,0,3000,-1000,0,8000,4000,0,4000,0,10000,17000,0,0,0,0,0,0,325000,1000,123000,51000,75000,0,130000,93000,37000,0,0,0,1000,0,0,0,4000,0,0,0,-7000,0,0,0,2000,0,-1000,HOME INV.BELG-SIFI,BE0003760742,0,130,75.400002,614.19,13.08,46172.02,HOMI,325000,12.691581,.015384615,.0061538462,.0092307692,.0061538462,0,0,.0061538462,.0092307692,.0092307692,0,.0092307692,-.0030769231,0,.024615385,.012307692,0,.012307692,0,.030769231,.052307691,0,0,0,0,0,0,1,.0030769231,.37846154,.15692307,.23076923,0,.40000001,.28615385,.11384615,0,0,0,.0030769231,0,0,0,.012307692,0,0,0,-.021538461,0,0,0,.0061538462,0,-.0030769231
2,HOMI,5000,2000,3000,2000,0,0,2000,3000,0,3000,-1000,0,5000,3000,0,4000,0,7000,14000,0,0,0,0,0,0,342000,4000,128000,27000,107000,0,140000,102000,24000,0,0,0,0,0,0,-3000,0,0,0,0,2000,0,0,0,-2000,0,-1000,HOME INV.BELG-SIFI,BE0003760742,0,126,78.360001,1145.59,19.370001,89063.82,HOMI,342000,12.742566,.014619883,.0058479533,.0087719299,.0058479533,0,0,.0058479533,.0087719299,.0087719299,0,.0087719299,-.0029239766,0,.014619883,.0087719299,0,.011695907,0,.020467836,.040935673,0,0,0,0,0,0,1,.011695907,.37426901,.078947365,.3128655,0,.40935671,.29824561,.070175439,0,0,0,0,0,0,-.0087719299,0,0,0,0,.0058479533,0,0,0,-.0058479533,0,-.0029239766
1,IBAB,58000,34000,23000,58000,0,0,58000,0,0,0,-1000,0,-3000,29000,0,82000,73000,5000,188000,36000,0,0,0,0,0,282000,31000,47000,161000,41000,0,215000,64000,3000,0,0,0,-3000,0,15000,-1000,16000,0,0,0,6000,0,0,0,-18000,-1000,4000,IBA,BE0003766806,0,130,6.4200001,26020.6,84.239998,170525.91,IBAB,282000,12.549663,.20567375,.12056737,.081560284,.20567375,0,0,.20567375,0,0,0,0,-.0035460992,0,-.010638298,.10283688,0,.29078013,.25886524,.017730497,.66666669,.12765957,0,0,0,0,0,1,.10992908,.16666667,.57092196,.14539006,0,.76241136,.22695035,.010638298,0,0,0,-.010638298,0,.05319149,-.0035460992,.056737587,0,0,0,.021276595,0,0,0,-.063829787,-.0035460992,.014184397
1,IMMO,21000,14000,7000,17000,0,0,17000,3000,0,3000,-3000,0,1000,31000,0,17000,465000,7000,520000,1000,0,0,0,0,0,527000,21000,301000,191000,151000,0,344000,60000,123000,0,0,0,-2000,0,-16000,2000,-16000,0,0,0,0,0,0,0,16000,0,-1000,IMMOBEL,BE0003599108,0,130,35.700001,1940.08,24.23,69371.867,IMMO,527000,13.174955,.039848197,.026565464,.013282732,.032258064,0,0,.032258064,.0056925998,.0056925998,0,.0056925998,-.0056925998,0,.0018975332,.05882353,0,.032258064,.88235295,.013282732,.98671728,.0018975332,0,0,0,0,0,1,.039848197,.57115752,.36242884,.28652751,0,.65275145,.11385199,.23339659,0,0,0,-.0037950664,0,-.030360531,.0037950664,-.030360531,0,0,0,0,0,0,0,.030360531,0,-.0018975332
2,IMMO,10000,6000,4000,9000,0,0,9000,1000,0,1000,-2000,0,11000,27000,0,13000,291000,22000,354000,73000,0,0,0,0,0,431000,13000,194000,108000,115000,0,225000,60000,145000,0,0,0,-1000,0,-3000,0,5000,0,0,0,0,0,0,0,0,0,5000,IMMOBEL,BE0003599108,1,126,39.279999,1746.02,23.93,68776.023,IMMO,431000,12.973864,.023201857,.013921114,.0092807421,.020881671,0,0,.020881671,.0023201855,.0023201855,0,.0023201855,-.0046403711,0,.025522042,.062645011,0,.030162413,.675174,.051044084,.82134569,.16937356,0,0,0,0,0,1,.030162413,.45011601,.25058004,.26682135,0,.52204174,.13921113,.33642691,0,0,0,-.0023201855,0,-.0069605568,0,.011600928,0,0,0,0,0,0,0,0,0,.011600928
1,IMMOU,0,0,0,0,0,0,0,0,0,0,0,0,0,1000,0,0,0,0,1000,3000,0,0,0,0,0,25000,1000,1000,2000,0,0,2000,22000,2000,0,0,0,0,0,0,0,1000,0,0,0,0,0,0,0,0,0,0,IMMO MOURY,BE0003893139,0,130,57.32,48.23,2.21,2683.1699,IMMOU,25000,10.126631,0,0,0,0,0,0,0,0,0,0,0,0,0,0,.039999999,0,0,0,0,.039999999,.12,0,0,0,0,0,1,.039999999,.039999999,.079999998,0,0,.079999998,.88,.079999998,0,0,0,0,0,0,0,.039999999,0,0,0,0,0,0,0,0,0,0
2,JEN,61000,55000,6000,55000,0,0,55000,6000,0,6000,0,0,4000,13000,0,81000,30000,0,124000,0,0,0,0,0,0,154000,19000,10000,72000,3000,0,86000,37000,37000,0,0,0,0,0,0,-3000,2000,0,0,0,-1000,0,0,0,-4000,0,-2000,JENSEN-GROUP,BE0003858751,1,124,14.13,3840.1201,22.139999,54087.219,JEN,154000,11.944708,.39610389,.35714287,.038961038,.35714287,0,0,.35714287,.038961038,.038961038,0,.038961038,0,0,.025974026,.084415585,0,.52597404,.19480519,0,.8051948,0,0,0,0,0,0,1,.12337662,.064935066,.46753246,.019480519,0,.55844158,.24025974,.24025974,0,0,0,0,0,0,-.019480519,.012987013,0,0,0,-.0064935065,0,0,0,-.025974026,0,-.012987013
1,KBC,784000,0,784000,975000,0,0,975000,-191000,0,0,0,0,-290000,12501000,0,969000,0,3769000,37391000,61928000,0,0,0,0,0,241306000,148767000,34914000,166395000,25077000,0,226792000,6856000,0,0,0,-3000,0,0,0,1214000,-4287000,-453000,0,0,-370000,0,0,0,2552000,-317000,-2423000,KBC,BE0003565737,0,130,36,1001091.4,5674.1699,35830872,KBC,241306000,19.301577,.0032489868,0,.0032489868,.0040405127,0,0,.0040405127,-.00079152611,-.00079152611,0,0,0,0,-.0012017936,.051805593,0,.0040156483,0,.015619173,.15495263,.2566368,0,0,0,0,0,1,.61650765,.14468765,.68956012,.10392199,0,.9398523,.028412057,0,0,0,-.000012432347,0,0,0,.0050309566,-.017765824,-.0018772845,0,0,-.0015333229,0,0,0,.010575783,-.0013136847,-.010041192
2,KBC,1585000,0,1585000,935000,0,0,935000,650000,0,0,0,0,317000,6047000,0,80000,0,3774000,28135000,64487000,0,0,0,0,0,252768000,158991000,35524000,174166000,24548000,0,237053000,6856000,0,0,0,63000,0,0,0,0,916000,0,0,0,256000,0,0,0,-3045000,-22000,-1895000,KBC,BE0003565737,1,126,43.75,1014717.7,6583.2798,44319832,KBC,252768000,19.347982,.0062705721,0,.0062705721,.0036990442,0,0,.0036990442,.0025715281,.0025715281,0,0,0,0,.0012541144,.023923123,0,.00031649575,0,.014930688,.1113076,.25512329,0,0,0,0,0,1,.62899971,.14053994,.689035,.097116724,0,.93782836,.027123686,0,0,0,.0002492404,0,0,0,0,.0036238765,0,0,0,.0010127864,0,0,0,-.01204662,-.000087036336,-.0074969935
1,KBCA,26000,1000,25000,1000,0,0,1000,25000,0,25000,-7000,0,18000,0,0,0,0,0,0,2442000,0,0,0,0,0,2442000,0,380000,17000,375000,0,392000,2022000,28000,0,0,0,0,0,0,0,0,0,0,0,0,0,0,0,0,0,0,KBC ANCORA,BE0003867844,0,130,20.719999,97042.117,460.19,2020300.3,KBCA,2442000,14.708328,.010647011,.00040950041,.01023751,.00040950041,0,0,.00040950041,.01023751,.01023751,0,.01023751,-.0028665029,0,.0073710075,0,0,0,0,0,0,1,0,0,0,0,0,1,0,.15561016,.0069615068,.15356265,0,.16052416,.82800984,.011466011,0,0,0,0,0,0,0,0,0,0,0,0,0,0,0,0,0,0
2,KBCA,9000,1000,9000,1000,0,0,1000,9000,0,9000,-5000,0,-5000,0,0,0,0,0,0,2442000,0,0,0,0,0,2442000,0,401000,28000,375000,0,403000,2022000,17000,0,0,0,0,0,0,0,0,0,0,0,0,0,0,0,0,0,0,KBC ANCORA,BE0003867844,1,126,26.99,55428.699,434.37,1506899,KBCA,2442000,14.708328,.0036855037,.00040950041,.0036855037,.00040950041,0,0,.00040950041,.0036855037,.0036855037,0,.0036855037,-.002047502,0,-.002047502,0,0,0,0,0,0,1,0,0,0,0,0,1,0,.16420966,.011466011,.15356265,0,.16502866,.82800984,.0069615068,0,0,0,0,0,0,0,0,0,0,0,0,0,0,0,0,0,0
1,KEYW,2000,1000,1000,2000,0,0,2000,0,0,0,0,0,1000,0,0,3000,0,0,4000,0,0,0,0,0,0,24000,2000,4000,6000,2000,0,8000,13000,2000,0,0,0,0,0,0,0,0,0,0,0,0,0,0,0,0,0,0,KEYWARE TECH.,BE0003880979,0,130,.72000003,8839.54,6.9499998,6312.6499,KEYW,24000,10.085809,.083333336,.041666668,.041666668,.083333336,0,0,.083333336,0,0,0,0,0,0,.041666668,0,0,.125,0,0,.16666667,0,0,0,0,0,0,1,.083333336,.16666667,.25,.083333336,0,.33333334,.54166669,.083333336,0,0,0,0,0,0,0,0,0,0,0,0,0,0,0,0,0,0
2,KEYW,2000,1000,1000,2000,0,0,2000,0,0,0,0,0,0,0,0,4000,1000,0,5000,0,0,0,0,0,0,26000,2000,4000,7000,2000,0,10000,13000,3000,0,0,0,0,0,0,-1000,0,0,0,0,0,0,0,0,0,0,0,KEYWARE TECH.,BE0003880979,1,126,.72000003,10030.85,7.7199998,7434.4199,KEYW,26000,10.165852,.07692308,.03846154,.03846154,.07692308,0,0,.07692308,0,0,0,0,0,0,0,0,0,.15384616,.03846154,0,.1923077,0,0,0,0,0,0,1,.07692308,.15384616,.26923078,.07692308,0,.38461539,.5,.11538462,0,0,0,0,0,0,-.03846154,0,0,0,0,0,0,0,0,0,0,0
2,KIN,58000,40000,17000,47000,0,0,47000,10000,0,10000,-2000,0,7000,13000,0,20000,3000,0,35000,0,0,0,0,0,0,297000,48000,111000,89000,74000,0,196000,20000,89000,0,0,5000,3000,0,0,0,10000,-3000,0,0,-4000,0,0,0,-9000,0,-3000,KINEPOLIS GROUP,BE0974274061,1,116,26.65,14535.69,106.01,385706.78,KIN,297000,12.601487,.1952862,.13468014,.057239056,.15824915,0,0,.15824915,.033670034,.033670034,0,.033670034,-.0067340066,0,.023569023,.043771043,0,.067340069,.01010101,0,.11784512,0,0,0,0,0,0,1,.16161616,.37373737,.29966331,.24915825,0,.65993267,.067340069,.29966331,0,0,.016835017,.01010101,0,0,0,.033670034,-.01010101,0,0,-.013468013,0,0,0,-.030303031,0,-.01010101
1,MDXH,2000,2000,0,6000,0,0,6000,-4000,0,-4000,0,0,-4000,25000,0,2000,0,0,28000,0,0,0,0,0,0,29000,3000,0,5000,0,0,5000,79000,-56000,0,0,0,0,0,0,0,-4000,0,0,0,-1000,0,0,0,0,0,-4000,MDXHEALTH,BE0003844611,0,130,2.73,63409.48,64.910004,173726.06,MDXH,29000,10.275051,.068965517,.068965517,0,.20689656,0,0,.20689656,-.13793103,-.13793103,0,-.13793103,0,0,-.13793103,.86206895,0,.068965517,0,0,.96551722,0,0,0,0,0,0,1,.10344828,0,.1724138,0,0,.1724138,2.724138,-1.9310344,0,0,0,0,0,0,0,-.13793103,0,0,0,-.034482758,0,0,0,0,0,-.13793103
2,MDXH,2000,1000,1000,6000,0,0,6000,-4000,0,-4000,0,0,-4000,13000,0,4000,1000,0,19000,0,0,0,0,0,0,21000,3000,0,5000,0,0,5000,76000,-64000,0,0,0,-1000,0,0,0,-6000,0,0,0,0,0,0,0,0,0,-6000,MDXHEALTH,BE0003844611,1,126,3.8699999,125353.55,187.56,501262.25,MDXH,21000,9.9522781,.095238097,.047619049,.047619049,.2857143,0,0,.2857143,-.19047619,-.19047619,0,-.19047619,0,0,-.19047619,.61904764,0,.19047619,.047619049,0,.90476191,0,0,0,0,0,0,1,.14285715,0,.23809524,0,0,.23809524,3.6190476,-3.0476191,0,0,0,-.047619049,0,0,0,-.2857143,0,0,0,0,0,0,0,0,0,-.2857143
2,MELE,82000,43000,39000,60000,0,0,60000,22000,0,22000,0,0,21000,53000,0,52000,50000,6000,161000,0,0,0,0,0,0,250000,22000,19000,38000,14000,0,54000,1000,201000,0,0,6000,5000,0,-3000,0,25000,-5000,0,0,-6000,0,0,0,0,0,19000,MELEXIS,BE0165385973,1,126,28.01,29975.1,316.88,845827,MELE,250000,12.429216,.32800001,.17200001,.156,.23999999,0,0,.23999999,.088,.088,0,.088,0,0,.083999999,.212,0,.208,.2,.024,.64399999,0,0,0,0,0,0,1,.088,.075999998,.152,.056000002,0,.21600001,.0040000002,.80400002,0,0,.024,.02,0,-.012,0,.1,-.02,0,0,-.024,0,0,0,0,0,.075999998
1,MIKO,36000,21000,16000,34000,0,0,34000,2000,0,2000,0,0,2000,10000,0,27000,21000,1000,59000,0,0,0,0,0,0,118000,12000,26000,28000,12000,0,51000,5000,0,0,0,3000,3000,0,0,0,7000,-3000,0,0,-3000,0,0,0,0,0,4000,MIKO,BE0003731453,0,116,60.66,372.98999,4.7600002,22428.33,MIKO,118000,11.67844,.30508474,.1779661,.13559322,.28813559,0,0,.28813559,.016949153,.016949153,0,.016949153,0,0,.016949153,.084745765,0,.22881356,.1779661,.0084745763,.5,0,0,0,0,0,0,1,.10169491,.22033899,.23728813,.10169491,0,.43220338,.042372882,0,0,0,.025423728,.025423728,0,0,0,.059322033,-.025423728,0,0,-.025423728,0,0,0,0,0,.033898305
2,MIKO,42000,22000,20000,39000,0,0,39000,3000,0,3000,0,0,2000,0,0,0,0,0,0,0,0,0,0,0,0,0,0,0,0,0,0,0,0,0,0,0,0,0,0,0,0,0,0,0,0,0,0,0,0,0,0,0,MIKO,BE0003731453,0,117,66.919998,480.79001,5.02,32159.09,MIKO,0,,,,,,,,,,,,,,,,,,,,,,,,,,,,,,,,,,,,,,,,,,,,,,,,,,,,,,
1,MOBB,357000,246000,111000,329000,0,0,329000,29000,0,29000,-1000,0,15000,14000,0,229000,21000,3000,279000,3000,0,0,0,0,0,1450000,352000,571000,493000,549000,0,1113000,132000,205000,0,0,42000,16000,0,4000,0,66000,-125000,0,0,-109000,0,0,0,44000,0,1000,MOBISTAR,BE0003735496,0,130,12.81,166237.58,733.76001,2022745.3,MOBB,1450000,14.187074,.24620689,.16965517,.07655172,.22689655,0,0,.22689655,.02,.02,0,.02,-.00068965519,0,.010344828,.009655172,0,.15793103,.014482759,.0020689655,.19241379,.0020689655,0,0,0,0,0,1,.24275862,.39379311,.34,.37862068,0,.76758623,.091034479,.14137931,0,0,.028965518,.011034483,0,.0027586208,0,.04551724,-.086206898,0,0,-.075172417,0,0,0,.030344827,0,.00068965519
2,MOBB,315000,177000,137000,294000,0,0,294000,21000,0,21000,-2000,0,12000,10000,0,203000,17000,3000,259000,3000,0,0,0,0,0,1430000,313000,555000,448000,549000,0,1069000,132000,230000,0,0,47000,6000,0,2000,0,65000,-47000,0,0,-58000,0,0,0,-8000,0,-2000,MOBISTAR,BE0003735496,1,126,13.84,146202.73,625.35999,1994674.8,MOBB,1430000,14.173185,.22027972,.12377623,.095804192,.20559441,0,0,.20559441,.014685315,.014685315,0,.014685315,-.0013986015,0,.0083916085,.0069930069,0,.14195804,.011888112,.0020979021,.18111888,.0020979021,0,0,0,0,0,1,.21888112,.38811189,.31328672,.38391608,0,.74755245,.092307694,.16083916,0,0,.032867134,.0041958042,0,.0013986015,0,.045454547,-.032867134,0,0,-.040559441,0,0,0,-.0055944058,0,-.0013986015
2,MONT,8000,2000,6000,3000,0,0,3000,5000,0,5000,-2000,0,1000,4000,0,22000,0,0,26000,0,0,0,0,0,0,380000,7000,184000,46000,154000,0,199000,191000,3000,0,0,0,0,0,0,0,0,0,0,0,0,0,0,0,0,0,0,MONTEA C.V.A.,BE0003853703,1,126,30.860001,3306.6299,24.559999,102231.37,MONT,380000,12.847926,.021052632,.0052631581,.015789473,.0078947367,0,0,.0078947367,.013157895,.013157895,0,.013157895,-.0052631581,0,.0026315791,.010526316,0,.057894737,0,0,.068421051,0,0,0,0,0,0,1,.018421052,.48421052,.12105263,.40526316,0,.5236842,.5026316,.0078947367,0,0,0,0,0,0,0,0,0,0,0,0,0,0,0,0,0,0
1,NYR,697000,382000,315000,607000,0,0,607000,90000,0,90000,-9000,0,-52000,292000,0,181000,516000,15000,1033000,46000,0,0,0,0,0,3220000,436000,962000,997000,839000,3000,2350000,1650000,-506000,0,0,89000,21000,0,13000,19000,102000,-41000,0,0,-41000,0,0,0,36000,-7000,90000,NYRSTAR,BE0003876936,0,130,2.3499999,801896.81,604.71997,1772600,NYR,3220000,14.984892,.21645963,.11863354,.097826086,.18850932,0,0,.18850932,.027950311,.027950311,0,.027950311,-.0027950311,0,-.016149068,.090683229,0,.056211181,.16024844,.0046583852,.32080746,.014285714,0,0,0,0,0,1,.13540372,.29875776,.30962732,.26055899,.000931677,.72981364,.51242238,-.15714286,0,0,.027639752,.0065217391,0,.0040372671,.0059006209,.031677019,-.012732919,0,0,-.012732919,0,0,0,.011180124,-.0021739129,.027950311
2,NYR,677000,358000,319000,684000,0,0,684000,-8000,0,-8000,-30000,0,-33000,310000,0,210000,516000,5000,1056000,62000,0,0,0,0,0,3270000,525000,963000,1286000,619000,0,2436000,1650000,-570000,0,0,62000,-14000,0,2000,12000,83000,-45000,0,0,-42000,0,0,0,-34000,1000,9000,NYRSTAR,BE0003876936,1,126,2.0999999,608221.88,487.29999,1286073.4,NYR,3270000,15.0003,.20703363,.10948012,.097553514,.20917431,0,0,.20917431,-.0024464831,-.0024464831,0,-.0024464831,-.0091743115,0,-.010091743,.094801225,0,.064220183,.15779817,.001529052,.32293579,.018960245,0,0,0,0,0,1,.16055046,.2944954,.39327216,.18929663,0,.74495411,.50458717,-.17431192,0,0,.018960245,-.0042813458,0,.00061162078,.0036697248,.025382264,-.013761468,0,0,-.012844036,0,0,0,-.010397553,.00030581039,.0027522936
1,OPTI,2000,1000,1000,4000,0,0,4000,-2000,0,-2000,0,0,-2000,2000,0,1000,3000,0,6000,1000,0,0,0,0,0,12000,6000,9000,10000,8000,4000,18000,5000,-8000,0,0,-1000,1000,0,1000,0,-2000,0,0,0,-1000,0,0,0,0,0,-2000,OPTION,BE0003836534,0,130,.23999999,218133.88,35.48,55412.609,OPTI,12000,9.392662,.16666667,.083333336,.083333336,.33333334,0,0,.33333334,-.16666667,-.16666667,0,-.16666667,0,0,-.16666667,.16666667,0,.083333336,.25,0,.5,.083333336,0,0,0,0,0,1,.5,.75,.83333331,.66666669,.33333334,1.5,.41666666,-.66666669,0,0,-.083333336,.083333336,0,.083333336,0,-.16666667,0,0,0,-.083333336,0,0,0,0,0,-.16666667
2,OPTI,1000,1000,1000,4000,0,0,4000,-3000,0,-3000,0,0,-3000,6000,0,1000,3000,0,10000,1000,0,0,0,0,0,15000,7000,18000,8000,18000,0,25000,7000,-15000,0,0,1000,0,0,0,0,-3000,0,0,0,-1000,0,0,0,6000,0,2000,OPTION,BE0003836534,1,126,.38999999,742367.19,162.37,371417.69,OPTI,15000,9.6158056,.06666667,.06666667,.06666667,.26666668,0,0,.26666668,-.2,-.2,0,-.2,0,0,-.2,.40000001,0,.06666667,.2,0,.66666669,.06666667,0,0,0,0,0,1,.46666667,1.2,.53333336,1.2,0,1.6666666,.46666667,-1,0,0,.06666667,0,0,0,0,-.2,0,0,0,-.06666667,0,0,0,.40000001,0,.13333334
1,PIC,128000,97000,31000,106000,0,0,106000,22000,0,22000,0,0,15000,40000,0,79000,53000,0,174000,189000,0,0,0,0,0,421000,52000,14000,111000,0,3000,132000,23000,262000,0,0,2000,0,0,0,4000,20000,-4000,0,0,-99000,0,0,0,-2000,-1000,-81000,PICANOL,BE0003807246,0,130,24.08,5063.75,50.630001,123026.5,PIC,421000,12.950388,.30403802,.2304038,.073634207,.25178146,0,0,.25178146,.052256532,.052256532,0,.052256532,0,0,.035629455,.095011875,0,.18764846,.12589073,0,.41330168,.44893113,0,0,0,0,0,1,.12351544,.033254158,.26365796,0,.0071258908,.31353921,.054631829,.6223278,0,0,.004750594,0,0,0,.0095011881,.047505938,-.0095011881,0,0,-.23515439,0,0,0,-.004750594,-.002375297,-.19239905
2,PIC,110000,85000,24000,93000,0,0,93000,17000,0,17000,0,0,15000,53000,0,78000,52000,0,184000,192000,0,0,0,0,0,436000,47000,8000,101000,0,0,121000,23000,289000,0,0,2000,0,0,0,-4000,12000,-3000,0,0,-3000,0,0,0,-3000,0,6000,PICANOL,BE0003807246,1,126,27.5,3851.96,32.799999,106041.56,PIC,436000,12.985397,.25229359,.19495413,.055045873,.21330275,0,0,.21330275,.038990825,.038990825,0,.038990825,0,0,.034403671,.12155963,0,.17889908,.11926606,0,.42201835,.44036698,0,0,0,0,0,1,.10779817,.018348623,.23165138,0,0,.27752292,.052752294,.66284406,0,0,.0045871558,0,0,0,-.0091743115,.027522936,-.0068807341,0,0,-.0068807341,0,0,0,-.0068807341,0,.013761468
1,REA,66000,64000,3000,64000,0,0,64000,3000,0,3000,0,0,2000,23000,0,72000,2000,1000,98000,0,0,0,0,0,0,222000,16000,20000,64000,15000,0,85000,71000,67000,0,0,1000,0,0,0,1000,3000,0,0,0,0,0,0,0,0,0,3000,REALDOLMEN,BE0003899193,0,130,16.66,5614.8799,41.43,93363.977,REA,222000,12.310432,.2972973,.2882883,.013513514,.2882883,0,0,.2882883,.013513514,.013513514,0,.013513514,0,0,.0090090092,.1036036,0,.32432431,.0090090092,.0045045046,.44144145,0,0,0,0,0,0,1,.072072074,.090090089,.2882883,.067567565,0,.38288289,.31981981,.3018018,0,0,.0045045046,0,0,0,.0045045046,.013513514,0,0,0,0,0,0,0,0,0,.013513514
1,REC,172000,136000,36000,171000,0,0,171000,1000,0,1000,-2000,0,-13000,26000,0,103000,94000,4000,235000,73000,0,0,0,0,0,612000,82000,165000,265000,81000,1000,426000,179000,34000,0,0,5000,7000,0,1000,8000,-6000,-2000,0,0,2000,0,0,0,-1000,0,-4000,RECTICEL,BE0003656676,0,130,5.1599998,36308.07,92.379997,186924.58,REC,612000,13.324488,.28104576,.22222222,.05882353,.27941176,0,0,.27941176,.0016339869,.0016339869,0,.0016339869,-.0032679739,0,-.021241831,.042483661,0,.16830066,.15359478,.0065359478,.38398692,.11928105,0,0,0,0,0,1,.13398694,.26960784,.43300653,.13235295,.0016339869,.69607842,.29248366,.055555556,0,0,.0081699351,.011437909,0,.0016339869,.013071896,-.0098039219,-.0032679739,0,0,.0032679739,0,0,0,-.0016339869,0,-.0065359478
2,REC,247000,203000,44000,242000,0,0,242000,5000,0,5000,-3000,0,-2000,27000,0,128000,100000,0,256000,80000,0,0,0,0,0,635000,84000,189000,262000,111000,0,461000,182000,23000,0,0,7000,-6000,0,-3000,-10000,1000,-8000,0,0,-7000,0,0,0,6000,0,0,RECTICEL,BE0003656676,1,126,6.8699999,47828.949,117.93,326164.81,REC,635000,13.361381,.38897637,.31968504,.069291338,.38110235,0,0,.38110235,.0078740157,.0078740157,0,.0078740157,-.0047244094,0,-.0031496063,.042519685,0,.2015748,.15748031,0,.4031496,.12598425,0,0,0,0,0,1,.13228346,.29763779,.41259843,.17480315,0,.72598428,.28661418,.036220472,0,0,.011023622,-.0094488189,0,-.0047244094,-.015748031,.0015748031,-.012598425,0,0,-.011023622,0,0,0,.0094488189,0,0
1,RES,72000,58000,13000,68000,0,0,68000,3000,0,3000,-1000,0,2000,6000,0,40000,42000,2000,90000,0,0,0,0,0,0,183000,39000,50000,71000,26000,0,104000,34000,0,0,0,4000,-2000,0,0,4000,3000,-4000,0,0,-5000,0,0,0,2000,0,0,RESILUX,BE0003707214,0,130,75.260002,2009.1801,47.98,155967.73,RES,183000,12.117242,.39344263,.31693989,.071038254,.37158471,0,0,.37158471,.016393442,.016393442,0,.016393442,-.0054644807,0,.010928961,.032786883,0,.21857923,.22950819,.010928961,.49180329,0,0,0,0,0,0,1,.21311475,.27322406,.38797814,.14207651,0,.56830603,.18579236,0,0,0,.021857923,-.010928961,0,0,.021857923,.016393442,-.021857923,0,0,-.027322404,0,0,0,.010928961,0,0
1,RET,14000,2000,11000,3000,0,0,3000,11000,0,11000,-4000,0,7000,2000,0,2000,0,5000,10000,0,0,0,0,0,0,756000,0,374000,34000,352000,0,399000,254000,58000,0,0,0,2000,0,0,-3000,0,0,0,0,-22000,0,0,0,1000,0,-20000,RETAIL ESTATES,BE0003720340,0,130,55.73,1961.83,27.08,108907.88,RET,756000,13.535797,.018518519,.0026455026,.014550265,.0039682542,0,0,.0039682542,.014550265,.014550265,0,.014550265,-.0052910051,0,.0092592593,.0026455026,0,.0026455026,0,.0066137565,.013227513,0,0,0,0,0,0,1,0,.49470899,.044973545,.46560848,0,.52777779,.33597884,.076719575,0,0,0,.0026455026,0,0,-.0039682542,0,0,0,0,-.02910053,0,0,0,.0013227513,0,-.026455026
1,RHJI,43000,2000,41000,41000,0,0,41000,2000,0,2000,-15000,0,-9000,202000,0,886000,0,1000,2456000,113000,0,0,0,0,0,2958000,2000,2000,2202000,1000,0,2436000,508000,30000,0,0,0,3000,0,0,44000,34000,0,0,0,-146000,0,0,0,0,10000,-102000,RHJ INTERNATIONAL,BE0003815322,0,130,3.8099999,66351.75,84.919998,253913.58,RHJI,2958000,14.900023,.014536849,.00067613251,.013860716,.013860716,0,0,.013860716,.00067613251,.00067613251,0,.00067613251,-.0050709941,0,-.0030425964,.068289384,0,.29952672,0,.00033806625,.83029073,.038201489,0,0,0,0,0,1,.00067613251,.00067613251,.7444219,.00033806625,0,.82352942,.17173766,.010141988,0,0,0,.0010141988,0,0,.014874916,.011494253,0,0,0,-.049357675,0,0,0,0,.0033806625,-.034482758
2,RHJI,91000,11000,80000,78000,0,0,78000,13000,0,13000,-20000,0,54000,204000,0,3764000,0,12000,4624000,4581000,0,0,0,0,0,9478000,0,2556000,906000,1832000,0,8642000,539000,72000,0,0,1000,0,0,0,-51000,-58000,-1000,0,0,-89000,0,0,0,88000,9000,-49000,RHJ INTERNATIONAL,BE0003815322,1,126,3.6500001,94372.656,134.42999,351880.94,RHJI,9478000,16.064484,.0096011814,.0011605824,.0084405988,.0082295844,0,0,.0082295844,.0013715974,.0013715974,0,.0013715974,-.0021101497,0,.0056974045,.021523528,0,.39713019,0,.0012660899,.48786664,.4833298,0,0,0,0,0,1,0,.26967713,.095589787,.19328973,0,.91179574,.056868538,.0075965393,0,0,.00010550749,0,0,0,-.005380882,-.0061194343,-.00010550749,0,0,-.009390167,0,0,0,.0092846593,.00094956742,-.0051698671
1,ROU,164000,103000,61000,163000,0,0,163000,1000,0,1000,-2000,0,-26000,28000,23000,185000,19000,47000,302000,4000,0,0,0,0,0,852000,163000,128000,283000,121000,0,554000,204000,104000,0,0,2000,-1000,0,0,1000,0,-1000,0,0,9000,0,0,0,-7000,0,2000,ROULARTA,BE0003741551,0,130,11.25,1637.12,10.62,18507.699,ROU,852000,13.655342,.19248827,.12089202,.071596242,.19131455,0,0,.19131455,.0011737089,.0011737089,0,.0011737089,-.0023474179,0,-.030516433,.032863848,.026995305,.21713614,.022300469,.055164319,.35446009,.0046948357,0,0,0,0,0,1,.19131455,.15023474,.33215964,.14201878,0,.65023476,.23943663,.12206573,0,0,.0023474179,-.0011737089,0,0,.0011737089,0,-.0011737089,0,0,.01056338,0,0,0,-.008215962,0,.0023474179
2,ROU,121000,116000,5000,120000,0,0,120000,1000,0,1000,-2000,0,1000,34000,17000,127000,9000,11000,199000,131000,0,0,0,0,0,789000,122000,119000,243000,116000,0,489000,203000,107000,0,0,3000,2000,0,0,6000,8000,-1000,0,0,1000,0,0,0,-3000,0,6000,ROULARTA,BE0003741551,1,126,12.37,2259.8999,14.86,27508.301,ROU,789000,13.578522,.15335868,.14702155,.0063371356,.15209125,0,0,.15209125,.0012674271,.0012674271,0,.0012674271,-.0025348542,0,.0012674271,.043092523,.021546261,.16096324,.011406844,.013941699,.25221801,.16603296,0,0,0,0,0,1,.15462612,.15082383,.3079848,.14702155,0,.61977184,.25728771,.13561471,0,0,.0038022813,.0025348542,0,0,.0076045627,.010139417,-.0012674271,0,0,.0012674271,0,0,0,-.0038022813,0,.0076045627
1,RTL,1841000,685000,1156000,1440000,0,0,1440000,401000,0,401000,-4000,0,355000,574000,12000,1654000,15000,1004000,3345000,401000,0,0,0,0,0,7567000,1673000,567000,2886000,530000,0,3974000,192000,0,0,0,-33000,0,0,0,-3000,427000,-32000,0,0,76000,0,0,0,-298000,-2000,198000,RTL GROUP,LU0061462528,0,130,74.07,43223.531,387.14999,3298765.3,RTL,7567000,15.839307,.24329324,.090524644,.1527686,.19029999,0,0,.19029999,.05299326,.05299326,0,.05299326,-.00052861107,0,.046914231,.075855687,.0015858333,.21858068,.0019822915,.13268138,.44205102,.05299326,0,0,0,0,0,1,.22109158,.074930623,.3813929,.070040971,0,.52517509,.025373332,0,0,0,-.0043610414,0,0,0,-.00039645832,.056429233,-.0042288885,0,0,.010043611,0,0,0,-.039381526,-.00026430553,.026166249
2,RTL,1374000,419000,955000,1065000,0,0,1065000,309000,0,309000,-7000,0,137000,334000,0,1827000,19000,1057000,3237000,356000,0,0,0,0,0,7340000,2624000,834000,3161000,525000,0,4297000,192000,0,0,0,40000,0,0,0,-65000,196000,-19000,0,0,14000,0,0,0,-481000,4000,-267000,RTL GROUP,LU0061462528,0,126,84.389999,22861.33,283.82001,1921800.3,RTL,7340000,15.808849,.18719345,.057084467,.130109,.14509536,0,0,.14509536,.042098094,.042098094,0,.042098094,-.00095367845,0,.01866485,.045504086,0,.24891008,.0025885559,.14400545,.44100818,.048501361,0,0,0,0,0,1,.35749319,.11362398,.43065396,.071525887,0,.58542234,.026158039,0,0,0,.0054495912,0,0,0,-.0088555859,.026702998,-.0025885559,0,0,.0019073569,0,0,0,-.065531336,.00054495916,-.036376022
1,SAP,0,0,0,0,0,0,0,0,0,0,0,0,0,21000,0,92000,89000,10000,212000,1000,0,0,0,0,0,364000,10000,175000,147000,82000,0,265000,44000,0,0,0,0,0,0,0,0,0,0,0,0,0,0,0,0,0,0,0,SAPEC,BE0003625366,0,128,47.130001,304.66,7.1300001,14252.16,SAP,364000,12.804909,0,0,0,0,0,0,0,0,0,0,0,0,0,0,.057692308,0,.25274727,.24450549,.027472528,.58241761,.0027472528,0,0,0,0,0,1,.027472528,.48076922,.40384614,.22527473,0,.72802198,.12087912,0,0,0,0,0,0,0,0,0,0,0,0,0,0,0,0,0,0,0
2,SAP,121000,116000,5000,116000,0,0,116000,5000,0,5000,-4000,0,0,16000,0,103000,80000,10000,209000,1000,0,0,0,0,0,368000,67000,179000,154000,104000,0,272000,44000,0,0,0,2000,-7000,0,5000,0,0,-4000,0,0,-4000,0,0,0,2000,0,-2000,SAPEC,BE0003625366,.99000001,126,47.09,200.73,4.9899998,9488.04,SAP,368000,12.815838,.32880434,.31521741,.013586956,.31521741,0,0,.31521741,.013586956,.013586956,0,.013586956,-.010869565,0,0,.043478262,0,.27989131,.2173913,.027173912,.56793481,.0027173914,0,0,0,0,0,1,.18206522,.48641303,.41847825,.28260869,0,.73913044,.11956522,0,0,0,.0054347827,-.019021738,0,.013586956,0,0,-.010869565,0,0,-.010869565,0,0,0,.0054347827,0,-.0054347827
1,SIOE,81000,64000,17000,75000,0,0,75000,5000,0,5000,-1000,0,5000,41000,37000,53000,85000,3000,219000,0,0,0,0,0,0,347000,29000,134000,75000,100000,0,195000,46000,114000,0,0,4000,4000,0,4000,0,14000,-1000,0,0,-11000,0,0,0,-3000,0,0,SIOEN,BE0003743573,0,130,7.6199999,13131.38,44.060001,102156.17,SIOE,347000,12.75708,.2334294,.18443803,.048991356,.21613833,0,0,.21613833,.014409222,.014409222,0,.014409222,-.0028818443,0,.014409222,.11815562,.10662824,.15273775,.24495678,.0086455336,.6311239,0,0,0,0,0,0,1,.08357349,.38616714,.21613833,.28818443,0,.56195968,.13256484,.32853025,0,0,.011527377,.011527377,0,.011527377,0,.040345822,-.0028818443,0,0,-.031700287,0,0,0,-.0086455336,0,0
2,SIOE,83000,65000,19000,77000,0,0,77000,7000,0,7000,-1000,0,5000,27000,52000,58000,94000,1000,233000,0,0,0,0,0,0,357000,30000,139000,85000,100000,0,204000,46000,113000,0,0,4000,-3000,0,-5000,1000,7000,-2000,0,0,-9000,0,0,0,-5000,0,-7000,SIOEN,BE0003743573,1,126,9.1800003,11500.4,49.369999,107772.62,SIOE,357000,12.785491,.232493,.18207283,.053221289,.21568628,0,0,.21568628,.019607844,.019607844,0,.019607844,-.0028011205,0,.014005602,.075630255,.14565827,.16246499,.26330534,.0028011205,.65266109,0,0,0,0,0,0,1,.084033616,.38935575,.23809524,.28011206,0,.5714286,.12885155,.31652662,0,0,.011204482,-.0084033618,0,-.014005602,.0028011205,.019607844,-.005602241,0,0,-.025210084,0,0,0,-.014005602,0,-.019607844
1,SIP,70000,57000,13000,64000,0,0,64000,6000,0,6000,0,0,19000,21000,0,46000,37000,8000,111000,15000,0,0,0,0,0,710000,15000,52000,93000,0,0,168000,67000,0,0,0,4000,0,0,0,1000,18000,-18000,0,0,-19000,0,0,0,-9000,0,-11000,SIPEF,BE0003898187,0,130,52.200001,3184.3201,60.619999,165643.94,SIP,710000,13.473021,.098591551,.08028169,.01830986,.090140842,0,0,.090140842,.0084507046,.0084507046,0,.0084507046,0,0,.026760563,.029577464,0,.064788729,.052112676,.011267605,.15633802,.02112676,0,0,0,0,0,1,.02112676,.073239438,.13098592,0,0,.23661971,.0943662,0,0,0,.0056338026,0,0,0,.0014084507,.025352113,-.025352113,0,0,-.026760563,0,0,0,-.012676056,0,-.015492958
2,SIP,79000,55000,24000,62000,0,0,62000,17000,0,17000,0,0,17000,41000,0,56000,36000,3000,136000,81000,0,0,0,0,0,766000,25000,61000,133000,0,0,205000,67000,0,0,0,4000,0,0,0,0,17000,-11000,0,0,-9000,0,0,0,4000,0,12000,SIPEF,BE0003898187,.0099999998,126,60.169998,2938.76,52.369999,176415.47,SIP,766000,13.548938,.10313316,.071801566,.031331591,.080939949,0,0,.080939949,.022193212,.022193212,0,.022193212,0,0,.022193212,.053524803,0,.073107049,.046997391,.0039164489,.1775457,.10574412,0,0,0,0,0,1,.032637075,.079634465,.17362924,0,0,.26762402,.087467365,0,0,0,.0052219322,0,0,0,0,.022193212,-.014360313,0,0,-.011749348,0,0,0,.0052219322,0,.015665796
1,TERB,102000,75000,27000,98000,0,0,98000,4000,0,4000,0,0,2000,7000,0,65000,24000,0,96000,5000,0,0,0,0,0,241000,57000,58000,92000,39000,0,141000,53000,46000,0,0,4000,0,0,1000,0,8000,-3000,0,0,-2000,0,0,0,-6000,0,0,TER BEKE,BE0003573814,0,130,54.849998,415.39999,7.5799999,22902.4,TERB,241000,12.392552,.42323652,.31120333,.1120332,.40663901,0,0,.40663901,.016597511,.016597511,0,.016597511,0,0,.0082987556,.029045643,0,.26970956,.099585064,0,.39834026,.020746889,0,0,0,0,0,1,.23651452,.2406639,.38174275,.16182573,0,.58506227,.21991701,.19087137,0,0,.016597511,0,0,.0041493778,0,.033195022,-.012448133,0,0,-.0082987556,0,0,0,-.024896266,0,0
2,TERB,100000,71000,28000,97000,0,0,97000,3000,0,3000,0,0,2000,10000,0,56000,23000,0,89000,4000,0,0,0,0,0,231000,54000,57000,90000,33000,0,132000,53000,46000,0,0,4000,4000,0,1000,0,8000,-3000,0,0,-3000,0,0,0,-3000,0,1000,TER BEKE,BE0003573814,0,126,58.279999,459.17001,9.71,26913.359,TERB,231000,12.350173,.43290043,.30735931,.12121212,.41991341,0,0,.41991341,.012987013,.012987013,0,.012987013,0,0,.0086580086,.043290045,0,.24242425,.0995671,0,.38528138,.017316017,0,0,0,0,0,1,.23376623,.24675325,.38961038,.14285715,0,.5714286,.22943723,.1991342,0,0,.017316017,.017316017,0,.0043290043,0,.034632035,-.012987013,0,0,-.012987013,0,0,0,-.012987013,0,.0043290043
2,TESB,388000,294000,94000,360000,0,0,360000,28000,0,28000,-4000,0,14000,65000,0,184000,211000,4000,465000,23000,0,0,0,0,0,1051000,248000,264000,396000,167000,0,794000,261000,62000,0,0,16000,-4000,0,20000,-5000,45000,-15000,0,0,-11000,0,0,0,-24000,0,10000,TESSENDERLO,BE0003555639,1,126,19.32,58467.398,375.48001,1126443.1,TESB,1051000,13.865252,.36917222,.2797336,.089438632,.34253094,0,0,.34253094,.026641294,.026641294,0,.026641294,-.0038058991,0,.013320647,.061845861,0,.17507136,.20076118,.0038058991,.44243577,.02188392,0,0,0,0,0,1,.23596574,.25118935,.37678403,.15889628,0,.75547099,.24833491,.058991436,0,0,.015223596,-.0038058991,0,.019029496,-.0047573741,.042816367,-.014272122,0,0,-.010466223,0,0,0,-.022835394,0,.0095147481
1,TEXF,5000,1000,4000,3000,0,0,3000,2000,0,2000,0,0,2000,7000,0,3000,5000,0,15000,0,0,0,0,0,0,108000,2000,5000,10000,2000,0,41000,8000,0,0,0,1000,0,0,0,0,2000,-2000,0,0,-1000,0,0,0,0,0,1000,TEXAF,BE0974263924,0,130,32.75,824.39001,10.35,26797.609,TEXF,108000,11.589887,.046296295,.0092592593,.037037037,.027777778,0,0,.027777778,.018518519,.018518519,0,.018518519,0,0,.018518519,.064814813,0,.027777778,.046296295,0,.1388889,0,0,0,0,0,0,1,.018518519,.046296295,.09259259,.018518519,0,.37962964,.074074075,0,0,0,.0092592593,0,0,0,0,.018518519,-.018518519,0,0,-.0092592593,0,0,0,0,0,.0092592593
2,TEXF,5000,0,4000,3000,0,0,3000,2000,0,2000,0,0,1000,5000,0,2000,5000,1000,13000,0,0,0,0,0,0,107000,4000,3000,6000,3000,0,38000,22000,0,0,0,1000,0,0,0,0,1000,-2000,0,0,-1000,0,0,0,-1000,0,-1000,TEXAF,BE0974263924,1,126,36.060001,564.28998,8.9200001,20710.039,TEXF,107000,11.580585,.046728972,0,.037383176,.028037382,0,0,.028037382,.018691588,.018691588,0,.018691588,0,0,.0093457941,.046728972,0,.018691588,.046728972,.0093457941,.12149533,0,0,0,0,0,0,1,.037383176,.028037382,.056074765,.028037382,0,.35514018,.20560747,0,0,0,.0093457941,0,0,0,0,.0093457941,-.018691588,0,0,-.0093457941,0,0,0,-.0093457941,0,-.0093457941
2,THR,4000,0,3000,16000,0,0,16000,-12000,0,-12000,0,0,-12000,132000,17000,13000,8000,0,170000,0,0,0,0,0,0,246000,7000,0,11000,0,0,11000,310000,-61000,0,0,2000,-1000,0,0,-1000,-12000,0,0,0,-4000,0,0,0,0,0,-16000,THROMBOGENICS,BE0003846632,1,126,19.190001,189771.13,1095.48,3379449.8,THR,246000,12.413087,.016260162,0,.012195121,.065040648,0,0,.065040648,-.048780486,-.048780486,0,-.048780486,0,0,-.048780486,.53658539,.069105692,.05284553,.032520324,0,.69105691,0,0,0,0,0,0,1,.028455285,0,.044715445,0,0,.044715445,1.2601626,-.24796748,0,0,.008130081,-.0040650405,0,0,-.0040650405,-.048780486,0,0,0,-.016260162,0,0,0,0,0,-.065040648
1,TIG,1000,0,1000,5000,0,0,5000,-4000,0,-4000,0,0,-4000,16000,1000,2000,0,6000,24000,0,0,0,0,0,0,63000,2000,9000,6000,8000,0,15000,116000,-74000,0,0,0,0,0,0,-1000,-3000,0,0,0,-1000,0,0,0,10000,0,6000,TIGENIX,BE0003864817,0,129,.34999999,2104355.3,203.58,786197.75,TIG,63000,11.05089,.015873017,0,.015873017,.079365082,0,0,.079365082,-.063492067,-.063492067,0,-.063492067,0,0,-.063492067,.25396827,.015873017,.031746034,0,.095238097,.38095239,0,0,0,0,0,0,1,.031746034,.14285715,.095238097,.12698413,0,.23809524,1.8412699,-1.1746032,0,0,0,0,0,0,-.015873017,-.047619049,0,0,0,-.015873017,0,0,0,.15873016,0,.095238097
2,TIG,0,3000,-2000,4000,0,0,4000,-4000,0,-4000,0,0,-4000,13000,1000,8000,0,0,22000,0,0,0,0,0,0,60000,2000,16000,6000,14000,0,21000,116000,-83000,0,0,1000,0,0,0,1000,-3000,0,0,0,-1000,0,0,0,3000,0,-1000,TIGENIX,BE0003864817,1,126,.75,2186176.3,406.73001,1777946.3,TIG,60000,11.0021,0,.050000001,-.033333335,.06666667,0,0,.06666667,-.06666667,-.06666667,0,-.06666667,0,0,-.06666667,.21666667,.016666668,.13333334,0,0,.36666667,0,0,0,0,0,0,1,.033333335,.26666668,.1,.23333333,0,.34999999,1.9333333,-1.3833333,0,0,.016666668,0,0,0,.016666668,-.050000001,0,0,0,-.016666668,0,0,0,.050000001,0,-.016666668
2,TNET,422000,233000,189000,292000,0,0,292000,130000,0,130000,-65000,0,10000,182000,0,185000,14000,8000,418000,1000,0,0,0,0,0,3405000,165000,3737000,826000,3657000,0,4840000,61000,-2368000,0,0,62000,-25000,0,0,26000,193000,-52000,0,0,-65000,0,0,0,-162000,0,-34000,TELENET GROUP,BE0003826436,1,126,43.669998,99245.117,1022.87,4330013,TNET,3405000,15.040755,.12393539,.068428785,.055506609,.085756242,0,0,.085756242,.038179148,.038179148,0,.038179148,-.019089574,0,.0029368575,.053450808,0,.054331865,.0041116006,.0023494861,.12276065,.00029368576,0,0,0,0,0,1,.048458152,1.0975037,.24258444,1.0740088,0,1.4214391,.017914832,-.69544786,0,0,.018208517,-.0073421439,0,0,.0076358295,.05668135,-.015271659,0,0,-.019089574,0,0,0,-.047577094,0,-.0099853156
1,TUB,0,0,0,0,0,0,0,0,0,0,-2000,0,17000,0,0,0,0,0,1000,1804000,0,0,0,0,0,1805000,0,232000,58000,175000,0,253000,236000,1401000,0,0,0,0,0,0,-3000,-3000,0,0,0,0,0,0,0,-12000,0,-15000,TUBIZE-FIN,BE0003823409,0,130,40.07,8259.8496,93.32,336305.22,TUB,1805000,14.406071,0,0,0,0,0,0,0,0,0,0,0,-.0011080332,0,.0094182827,0,0,0,0,0,.00055401662,.99944597,0,0,0,0,0,1,0,.12853186,.032132965,.096952908,0,.14016621,.13074793,.77617729,0,0,0,0,0,0,-.0016620499,-.0016620499,0,0,0,0,0,0,0,-.0066481996,0,-.0083102491
2,TUB,0,0,0,0,0,0,0,0,0,0,-2000,0,21000,30000,0,0,0,0,30000,1766000,0,0,0,0,0,1796000,0,219000,62000,158000,0,239000,236000,1412000,0,0,0,0,0,0,0,2000,0,0,0,35000,0,0,0,-21000,0,15000,TUBIZE-FIN,BE0003823409,.37,126,50.310001,11270.29,127.83,561803,TUB,1796000,14.401073,0,0,0,0,0,0,0,0,0,0,0,-.0011135858,0,.011692651,.016703786,0,0,0,0,.016703786,.98329622,0,0,0,0,0,1,0,.12193764,.034521159,.087973274,0,.13307349,.13140312,.78619152,0,0,0,0,0,0,0,.0011135858,0,0,0,.01948775,0,0,0,-.011692651,0,.0083518932
1,UCB,877000,296000,581000,754000,0,0,754000,124000,0,124000,-30000,0,56000,740000,0,926000,627000,66000,2421000,79000,0,0,0,0,0,9907000,247000,2750000,2336000,2015000,0,5305000,2154000,2660000,0,0,59000,-41000,0,10000,-4000,133000,-60000,0,0,-62000,0,0,0,120000,-1000,190000,UCB,BE0003739530,0,130,45.810001,213804.19,2013.58,9790666,UCB,9907000,16.108751,.088523269,.029877864,.058645401,.0761078,0,0,.0761078,.012516403,.012516403,0,.012516403,-.0030281618,0,.0056525688,.074694663,0,.093469262,.063288584,.0066619562,.24437267,.0079741599,0,0,0,0,0,1,.024931867,.27758151,.23579288,.20339154,0,.53547996,.21742202,.26849702,0,0,.005955385,-.0041384879,0,.0010093873,-.00040375491,.013424851,-.0060563236,0,0,-.0062582013,0,0,0,.012112647,-.00010093873,.019178359
2,UCB,879000,281000,598000,742000,0,0,742000,137000,0,137000,-49000,0,56000,638000,39000,1017000,625000,0,2319000,126000,0,0,0,0,0,9724000,1263000,2368000,2300000,1644000,0,5067000,2614000,2435000,0,0,56000,-7000,0,1000,13000,87000,-30000,0,0,-43000,0,0,0,-101000,1000,-56000,UCB,BE0003739530,.0099999998,126,56.82,249581.41,2277.96,14071647,UCB,9724000,16.090107,.090394899,.028897572,.061497327,.076306045,0,0,.076306045,.014088852,.014088852,0,.014088852,-.0050390786,0,.0057589468,.065610863,.004010695,.10458659,.064273961,0,.2384821,.012957631,0,0,0,0,0,1,.12988482,.24352118,.23652817,.16906622,0,.52108186,.26881942,.25041136,0,0,.0057589468,-.00071986835,0,.00010283834,.0013368984,.0089469356,-.0030851502,0,0,-.0044220486,0,0,0,-.010386672,.00010283834,-.0057589468
1,UMI,2215000,2033000,182000,2138000,0,0,2138000,77000,0,77000,0,0,46000,99000,0,719000,1106000,36000,1961000,223000,0,0,0,0,0,3512000,711000,314000,1350000,26000,54000,1789000,503000,1647000,0,0,31000,35000,0,64000,-64000,138000,-79000,0,0,-98000,0,0,0,-48000,5000,-3000,UMICORE,BE0003884047,0,130,33.720001,450402.31,3304.3899,15130187,UMI,3512000,15.071696,.63069475,.57887244,.051822323,.60876995,0,0,.60876995,.021924829,.021924829,0,.021924829,0,0,.01309795,.028189067,0,.20472665,.31492028,.010250569,.55837131,.063496582,0,0,0,0,0,1,.20244874,.089407742,.38439634,.0074031889,.015375854,.50939637,.14322324,.46896356,0,0,.0088268789,.0099658314,0,.018223235,-.018223235,.039293848,-.022494305,0,0,-.027904328,0,0,0,-.013667426,.0014236902,-.00085421413
2,UMI,2178000,1995000,183000,2119000,0,0,2119000,59000,0,59000,-5000,0,43000,124000,0,882000,1095000,0,2101000,221000,0,0,0,0,0,3659000,1112000,327000,1474000,57000,0,1953000,503000,1674000,0,0,43000,0,0,0,17000,98000,-35000,0,0,-39000,0,0,0,-49000,2000,13000,UMICORE,BE0003884047,1,126,34.619999,530167.69,3364.6399,18255684,UMI,3659000,15.1127,.59524459,.54523093,.050013665,.57911998,0,0,.57911998,.016124625,.016124625,0,.016124625,-.0013664935,0,.011751845,.03388904,0,.24104947,.29926211,0,.57420063,.060399015,0,0,0,0,0,1,.30390817,.089368679,.40284231,.015578027,0,.53375238,.13746925,.45750204,0,0,.011751845,0,0,0,.0046460782,.026783274,-.0095654549,0,0,-.01065865,0,0,0,-.013391637,.00054659741,.0035528834
1,VAN,43000,10000,33000,35000,0,0,35000,7000,0,7000,-1000,0,6000,39000,0,18000,36000,0,96000,14000,0,0,0,0,0,197000,5000,0,15000,0,0,20000,3000,181000,0,0,2000,0,0,0,0,8000,-1000,0,0,-1000,0,0,0,0,0,6000,VAN DE VELDE,BE0003839561,0,130,35.470001,5517.4199,47.709999,196251.63,VAN,197000,12.190959,.21827412,.05076142,.16751269,.17766498,0,0,.17766498,.035532996,.035532996,0,.035532996,-.005076142,0,.030456852,.19796954,0,.09137056,.18274112,0,.48730963,.071065992,0,0,0,0,0,1,.02538071,0,.076142132,0,0,.10152284,.015228426,.9187817,0,0,.010152284,0,0,0,0,.040609136,-.005076142,0,0,-.005076142,0,0,0,0,0,.030456852
2,VAN,54000,0,54000,38000,0,0,38000,15000,0,15000,-8000,0,3000,0,0,0,0,91000,91000,0,0,0,0,0,0,176000,0,0,17000,0,0,21000,153000,0,0,0,0,0,0,0,0,0,0,0,0,0,0,0,0,0,0,0,VAN DE VELDE,BE0003839561,1,126,37.810001,6297.2002,66.949997,235395.19,VAN,176000,12.078239,.30681819,0,.30681819,.21590909,0,0,.21590909,.085227273,.085227273,0,.085227273,-.045454547,0,.017045455,0,0,0,0,.51704544,.51704544,0,0,0,0,0,0,1,0,0,.096590906,0,0,.11931818,.86931819,0,0,0,0,0,0,0,0,0,0,0,0,0,0,0,0,0,0,0
1,VGP,4000,1000,4000,3000,0,0,3000,2000,0,2000,-1000,0,8000,79000,0,10000,0,0,89000,1000,0,0,0,0,0,366000,6000,171000,28000,160000,0,200000,113000,104000,0,0,0,0,0,0,0,5000,0,0,0,-40000,0,0,0,70000,0,36000,VGP,BE0003878957,0,130,18.780001,132.28999,1.74,2476.8401,VGP,366000,12.810389,.010928961,.0027322404,.010928961,.0081967209,0,0,.0081967209,.0054644807,.0054644807,0,.0054644807,-.0027322404,0,.021857923,.215847,0,.027322404,0,0,.2431694,.0027322404,0,0,0,0,0,1,.016393442,.46721312,.076502733,.43715847,0,.54644811,.30874318,.28415301,0,0,0,0,0,0,0,.013661202,0,0,0,-.10928962,0,0,0,.19125684,0,.098360658
2,VGP,10000,1000,9000,2000,0,0,2000,8000,0,8000,-2000,0,22000,19000,0,4000,0,70000,92000,0,0,0,0,0,0,424000,6000,185000,23000,168000,0,214000,113000,147000,0,0,0,0,0,0,0,-5000,0,0,0,-29000,0,0,0,4000,0,-30000,VGP,BE0003878957,1,126,18.08,255.47,2.71,4637.9199,VGP,424000,12.957489,.023584906,.0023584906,.021226415,.0047169812,0,0,.0047169812,.018867925,.018867925,0,.018867925,-.0047169812,0,.051886793,.04481132,0,.0094339624,0,.16509435,.21698113,0,0,0,0,0,0,1,.014150944,.43632075,.054245282,.39622641,0,.50471699,.26650944,.34669811,0,0,0,0,0,0,0,-.011792453,0,0,0,-.068396226,0,0,0,.0094339624,0,-.070754714
2,VIO,728000,678000,49000,731000,0,0,731000,-3000,0,-3000,-25000,0,-25000,111000,0,536000,788000,3000,1438000,87000,0,0,0,0,0,3426000,388000,1473000,931000,942000,0,2135000,537000,-24000,0,0,29000,-36000,0,-7000,36000,-9000,-44000,0,0,-35000,0,0,0,13000,0,-31000,VIOHALCO,BE0974271034,1,126,4.27,40662.711,121.6,173429.63,VIO,3426000,15.046904,.2124927,.19789842,.014302393,.21336836,0,0,.21336836,-.00087565673,-.00087565673,0,-.00087565673,-.0072971396,0,-.0072971396,.0323993,0,.15645067,.23000583,.00087565673,.41973147,.025394045,0,0,0,0,0,1,.1132516,.42994747,.27174547,.27495623,0,.62317574,.15674256,-.0070052538,0,0,.0084646819,-.010507881,0,-.002043199,.010507881,-.0026269702,-.012842965,0,0,-.010215995,0,0,0,.0037945125,0,-.0090484526
2,WDP,30000,5000,25000,7000,0,0,7000,24000,0,24000,-7000,0,13000,2000,0,13000,0,6000,22000,25000,0,0,0,0,0,1410000,18000,803000,252000,564000,0,892000,325000,23000,0,0,0,0,0,0,0,0,0,0,0,0,0,0,0,0,0,0,WDP,BE0003763779,.0099999998,126,54.060001,12255.6,192.16,661244.44,WDP,1410000,14.159101,.021276595,.0035460992,.017730497,.0049645388,0,0,.0049645388,.017021276,.017021276,0,.017021276,-.0049645388,0,.0092198579,.0014184397,0,.0092198579,0,.004255319,.015602837,.017730497,0,0,0,0,0,1,.012765957,.56950355,.17872341,.40000001,0,.63262409,.23049645,.016312057,0,0,0,0,0,0,0,0,0,0,0,0,0,0,0,0,0,0
2,WEHB,9000,0,9000,2000,0,0,2000,8000,0,8000,0,0,9000,3000,0,6000,0,0,9000,20000,0,0,0,0,0,647000,1000,155000,19000,140000,0,165000,294000,184000,0,0,0,0,0,0,0,0,0,0,0,0,0,0,0,0,0,0,WERELDHAV B-SICAFI,BE0003724383,0,120,90.019997,1286.53,49.400002,115846.23,WEHB,647000,13.380101,.013910355,0,.013910355,.00309119,0,0,.00309119,.01236476,.01236476,0,.01236476,0,0,.013910355,.004636785,0,.00927357,0,0,.013910355,.030911902,0,0,0,0,0,1,.001545595,.23956724,.029366305,.21638331,0,.25502318,.45440495,.2843895,0,0,0,0,0,0,0,0,0,0,0,0,0,0,0,0,0,0
1,ZENT,17000,14000,3000,16000,0,0,16000,1000,0,1000,0,0,0,4000,0,16000,7000,1000,27000,0,0,0,0,0,0,38000,8000,9000,27000,3000,2000,31000,12000,-5000,0,0,0,-1000,0,0,0,2000,0,0,0,-2000,0,0,0,0,1000,1000,ZENITEL,BE0003806230,0,106,.66000003,5167.7598,3.53,3438.05,ZENT,38000,10.545341,.44736841,.36842105,.078947365,.42105263,0,0,.42105263,.02631579,.02631579,0,.02631579,0,0,0,.10526316,0,.42105263,.18421052,.02631579,.71052629,0,0,0,0,0,0,1,.21052632,.23684211,.71052629,.078947365,.052631579,.81578946,.31578946,-.13157895,0,0,0,-.02631579,0,0,0,.052631579,0,0,0,-.052631579,0,0,0,0,.02631579,.02631579
2,ZENT,17000,14000,3000,16000,0,0,16000,1000,0,1000,0,0,0,8000,0,15000,9000,1000,33000,0,0,0,0,0,0,44000,16000,2000,23000,0,0,23000,25000,-4000,0,0,0,0,0,0,-1000,0,-1000,0,0,-2000,0,0,0,4000,0,2000,ZENITEL,BE0003806230,1,115,.83999997,10798.85,6.1599998,9496.4102,ZENT,44000,10.691945,.38636363,.31818181,.06818182,.36363637,0,0,.36363637,.022727273,.022727273,0,.022727273,0,0,0,.18181819,0,.34090909,.20454545,.022727273,.75,0,0,0,0,0,0,1,.36363637,.045454547,.52272725,0,0,.52272725,.56818181,-.090909094,0,0,0,0,0,0,-.022727273,0,-.022727273,0,0,-.045454547,0,0,0,.090909094,0,.045454547
1,ZTS,54000,31000,23000,52000,0,0,52000,2000,0,2000,0,0,1000,11000,0,58000,14000,0,94000,3000,0,0,0,0,0,163000,29000,14000,80000,3000,0,86000,50000,3000,0,0,1000,0,0,0,-3000,0,-2000,0,0,-3000,0,0,0,3000,0,1000,ZETES INDUSTRIES,BE0003827442,0,130,16.77,3229.8401,22.85,54075.531,ZTS,163000,12.001506,.33128834,.19018404,.1411043,.31901839,0,0,.31901839,.012269938,.012269938,0,.012269938,0,0,.0061349692,.067484662,0,.35582823,.08588957,0,.5766871,.018404908,0,0,0,0,0,1,.17791411,.08588957,.49079755,.018404908,0,.52760738,.30674848,.018404908,0,0,.0061349692,0,0,0,-.018404908,0,-.012269938,0,0,-.018404908,0,0,0,.018404908,0,.0061349692
2,ZTS,59000,35000,24000,57000,0,0,57000,2000,0,2000,0,0,1000,12000,0,63000,14000,0,102000,2000,0,0,0,0,0,173000,32000,15000,92000,1000,0,96000,50000,2000,0,0,1000,0,0,0,1000,4000,-2000,0,0,-3000,0,0,0,-1000,0,1000,ZETES INDUSTRIES,BE0003827442,1,126,20.209999,3686.3799,27.889999,74809.07,ZTS,173000,12.061047,.34104046,.20231214,.13872832,.32947975,0,0,.32947975,.011560693,.011560693,0,.011560693,0,0,.0057803467,.06936416,0,.36416185,.080924854,0,.58959538,.011560693,0,0,0,0,0,1,.18497109,.0867052,.53179193,.0057803467,0,.55491328,.28901735,.011560693,0,0,.0057803467,0,0,0,.0057803467,.023121387,-.011560693,0,0,-.01734104,0,0,0,-.0057803467,0,.0057803467
